CHEMBL3833408,O=S(=O)([O-])[O-].O=S(=O)([O-])[O-].[Al+3].[Al+3].[Al+3].[Al+3].[Al+3].[Mg+2].[Mg+2].[Mg+2].[Mg+2].[Mg+2].[Mg+2].[Mg+2].[Mg+2].[Mg+2].[Mg+2].[OH-].[OH-].[OH-].[OH-].[OH-].[OH-].[OH-].[OH-].[OH-].[OH-].[OH-].[OH-].[OH-].[OH-].[OH-].[OH-].[OH-].[OH-].[OH-].[OH-].[OH-].[OH-].[OH-].[OH-].[OH-].[OH-].[OH-].[OH-].[OH-].[OH-].[OH-],MAGALDRATE
CHEMBL807,CC12CC3CC(C)(C1)CC(N)(C3)C2,MEMANTINE
CHEMBL30,CN/C(=N\CCSCc1nc[nH]c1C)NC#N,CIMETIDINE
CHEMBL1201354,CC[N+](CC)(CC)CCC(O)(c1ccccc1)C1CCCCC1,TRIDIHEXETHYL
CHEMBL453,Cc1noc(NS(=O)(=O)c2ccc(N)cc2)c1C,SULFISOXAZOLE
CHEMBL2109882,O=[Si](O)O[Si](O)(O)O[Si](=O)O,TRISILICATE
CHEMBL3,CN1CCC[C@H]1c1cccnc1,NICOTINE
CHEMBL1201286,CC[N+](C)(CC)CCOC(=O)C(O)(c1ccccc1)C1CCCCC1,OXYPHENONIUM
CHEMBL2105755,CC(C)(NC(=O)C1=C(O)[C@@H]2Oc3c(O)ccc4c3[C@@]23CCN(CC2CC2)[C@H](C4)[C@]3(O)C1)c1nc(-c2ccccc2)no1,NALDEMEDINE
CHEMBL1568057,CC(C)NCC(O)c1cc(O)cc(O)c1.CC(C)NCC(O)c1cc(O)cc(O)c1.O=S(=O)(O)O,METAPROTERENOL SULFATE
CHEMBL710,CC(C)(C)NC(=O)[C@H]1CC[C@H]2[C@@H]3CC[C@H]4NC(=O)C=C[C@]4(C)[C@H]3CC[C@]12C,FINASTERIDE
CHEMBL1231,CCN(CC)CC#CCOC(=O)C(O)(c1ccccc1)C1CCCCC1,OXYBUTYNIN
CHEMBL659,COc1ccc2c3c1O[C@H]1C[C@@H](O)C=C[C@@]31CCN(C)C2,GALANTAMINE
CHEMBL1441,CCc1cc(C(N)=S)ccn1,ETHIONAMIDE
CHEMBL1186579,C[N+]1(CC2CC2)CC[C@]23c4c5ccc(O)c4O[C@H]2C(=O)CC[C@@]3(O)[C@H]1C5,METHYLNALTREXONE
CHEMBL516,CN1CCC(=C2c3ccccc3C=Cc3ccccc32)CC1,CYPROHEPTADINE
CHEMBL596,CCC(=O)N(c1ccccc1)C1CCN(CCc2ccccc2)CC1,FENTANYL
CHEMBL1078261,CCCOC(C(=O)OC1CCN(C)CC1)(c1ccccc1)c1ccccc1,PROPIVERINE
CHEMBL953,CCN(CC)C(=O)/C(C#N)=C/c1cc(O)c(O)c([N+](=O)[O-])c1,ENTACAPONE
CHEMBL576127,O=C1NCC2(CCN(CCc3ccccc3)CC2)O1,FENSPIRIDE
CHEMBL809,CN[C@H]1CC[C@@H](c2ccc(Cl)c(Cl)c2)c2ccccc21,SERTRALINE
CHEMBL299400,O=C(O)C(O)C(O)C(=O)O.Oc1ccc2c(c1)[C@@]13CCCC[C@@]1(O)[C@@H](C2)N(CC1CCC1)CC3,BUTORPHANOL TARTRATE
CHEMBL19019,O=C1CC[C@@]2(O)[C@H]3Cc4ccc(O)c5c4[C@@]2(CCN3CC2CC2)[C@H]1O5,NALTREXONE
CHEMBL1200500,CCC(=O)OCC(=O)[C@@]1(OC(=O)CC)[C@@H](C)C[C@H]2[C@@H]3CCC4=CC(=O)C=C[C@]4(C)[C@@]3(Cl)[C@@H](O)C[C@@]21C,BECLOMETHASONE DIPROPIONATE
CHEMBL9967,CN1CCN(CC(=O)N2c3ccccc3C(=O)Nc3cccnc32)CC1,PIRENZEPINE
CHEMBL245807,O=C1Nc2ccccc2C1(c1ccc(O)cc1)c1ccc(O)cc1,OXYPHENISATINE
CHEMBL301265,CCCN[C@H]1CCc2nc(N)sc2C1,PRAMIPEXOLE
CHEMBL1297,CC(C(=O)O)c1cccc(Oc2ccccc2)c1,FENOPROFEN
CHEMBL43064,C(=C/c1ccccc1)\CN1CCN(C(c2ccccc2)c2ccccc2)CC1,CINNARIZINE
CHEMBL193240,O=C(Nc1c(Cl)cncc1Cl)c1ccc(OC(F)F)c(OCC2CC2)c1,ROFLUMILAST
CHEMBL1086863,OC[C@H]1O[C@H](O)[C@H](F)[C@@H](O)[C@@H]1O,FLUDEOXYGLUCOSE
CHEMBL1433,C[C@H]1c2cccc(O)c2C(=O)C2=C(O)[C@]3(O)C(=O)C(C(N)=O)=C(O)[C@@H](N(C)C)[C@@H]3[C@@H](O)[C@@H]21,DOXYCYCLINE ANHYDROUS
CHEMBL3304486,CN(C)CC(C)(C)OC(=O)C(O)(c1ccccc1)c1ccccc1,DIFEMERINE
CHEMBL817,Cc1ccc(S(=O)(=O)NC(=O)NN2CCCCCC2)cc1,TOLAZAMIDE
CHEMBL1201764,CC(C)C(=O)Oc1ccc(CO)cc1[C@H](CCN(C(C)C)C(C)C)c1ccccc1,FESOTERODINE
CHEMBL964,CCN(CC)C(=S)SSC(=S)N(CC)CC,DISULFIRAM
CHEMBL997,CCCCCN(C)CCC(O)(P(=O)(O)O)P(=O)(O)O,IBANDRONIC ACID
CHEMBL1888176,O=C(O[C@H]1C[C@H]2CC[C@@H](C1)[N+]21CCCC1)C(O)(c1ccccc1)c1ccccc1,TROSPIUM
CHEMBL657,CN(C)CCOC(c1ccccc1)c1ccccc1,DIPHENHYDRAMINE
CHEMBL968,CCN(CC)CCN1C(=O)CN=C(c2ccccc2F)c2cc(Cl)ccc21,FLURAZEPAM
CHEMBL773,NCC(=O)O,GLYCINE
CHEMBL580,O=C1Nc2ccc(Cl)cc2C(c2ccccc2Cl)=NC1O,LORAZEPAM
CHEMBL1619528,CC[N+]1(C)CCCC(OC(=O)C(O)(c2ccccc2)c2ccccc2)C1,PIPENZOLATE
CHEMBL3833409,O=C([O-])[O-].[Al+3].[Al+3].[Mg+2].[Mg+2].[Mg+2].[Mg+2].[Mg+2].[Mg+2].[OH-].[OH-].[OH-].[OH-].[OH-].[OH-].[OH-].[OH-].[OH-].[OH-].[OH-].[OH-].[OH-].[OH-].[OH-].[OH-],HYDROTALCITE
CHEMBL2068408,O=[Si](O)O,SILICATE
CHEMBL1652,CC[N+](CC)(CCNC(=O)C(=O)NCC[N+](CC)(CC)Cc1ccccc1Cl)Cc1ccccc1Cl,AMBENONIUM
CHEMBL651,CCC(=O)C(CC(C)N(C)C)(c1ccccc1)c1ccccc1,METHADONE
CHEMBL1199307,CN(CCCCCCN(C)C(=O)Oc1ccc[n+](C)c1)C(=O)Oc1ccc[n+](C)c1,DISTIGMINE
CHEMBL499915,CC1(C)[C@@H](OC(=O)CCC(=O)O)CC[C@]2(C)[C@H]3C(=O)C=C4[C@@H]5C[C@@](C)(C(=O)O)CC[C@]5(C)CC[C@@]4(C)[C@]3(C)CC[C@@H]12,CARBENOXOLONE
CHEMBL783,CC(C)[C@H]1CC[C@H](C(=O)N[C@H](Cc2ccccc2)C(=O)O)CC1,NATEGLINIDE
CHEMBL744,Nc1nc2ccc(OC(F)(F)F)cc2s1,RILUZOLE
CHEMBL278020,CN(C)C(=O)Oc1cccc([N+](C)(C)C)c1,NEOSTIGMINE
CHEMBL2010507,CNC(C)Cc1ccccc1OC,METHOXYPHENAMINE
CHEMBL1760,CC(C)(C)NCC(O)c1cc(O)cc(O)c1,TERBUTALINE
CHEMBL1456,COc1c(C)c2c(c(O)c1C/C=C(\C)CCC(=O)OCCN1CCOCC1)C(=O)OC2,MYCOPHENOLATE MOFETIL
CHEMBL923,O=P(O)(O)C(O)(Cc1cccnc1)P(=O)(O)O,RISEDRONIC ACID
CHEMBL1342,O=C(O)CCCO,OXYBATE
CHEMBL498,CCCNC(=O)NS(=O)(=O)c1ccc(Cl)cc1,CHLORPROPAMIDE
CHEMBL1697838,COCCOc1cnc(NS(=O)(=O)c2ccccc2)nc1,GLYMIDINE
CHEMBL363392,CCCCC1(CCCC)CS(=O)(=O)c2ccc(N(C)C)cc2[C@@H](c2ccc(OCc3ccc(C[N+]45CCN(CC4)CC5)cc3)cc2)[C@H]1O,MARALIXIBAT
CHEMBL1115,CN(C)C(=O)Oc1ccc[n+](C)c1,PYRIDOSTIGMINE
CHEMBL1201325,C[N+]1(C)CCN(CC(O)(c2ccccc2)C2CCCCC2)CC1,HEXOCYCLIUM
CHEMBL1096,CC(C)c1ccc2oc3nc(N)c(C(=O)O)cc3c(=O)c2c1,AMLEXANOX
CHEMBL787,CC(C)(O)c1ccccc1CC[C@@H](SCC1(CC(=O)O)CC1)c1cccc(/C=C/c2ccc3ccc(Cl)cc3n2)c1,MONTELUKAST
CHEMBL44884,CC[C@@H](CO)NCCN[C@@H](CC)CO,ETHAMBUTOL
CHEMBL15245,COC(=O)[C@@H]1[C@H]2C[C@H]3c4[nH]c5ccccc5c4CCN3C[C@@H]2CC[C@@H]1O,YOHIMBINE
CHEMBL924,O=P(O)(O)C(O)(Cn1ccnc1)P(=O)(O)O,ZOLEDRONIC ACID ANHYDROUS
CHEMBL779,CN1CC(=O)N2[C@H](c3ccc4c(c3)OCO4)c3[nH]c4ccccc4c3C[C@@H]2C1=O,TADALAFIL
CHEMBL614,NC(=O)c1cnccn1,PYRAZINAMIDE
CHEMBL605846,COc1ccc(CC(C)(C)NC[C@H](O)c2cc(O)cc3c2OCC(=O)N3)cc1,OLODATEROL
CHEMBL1218,CCC(=O)NCC[C@@H]1CCc2ccc3c(c21)CCO3,RAMELTEON
CHEMBL655,Cc1ncc2n1-c1ccc(Cl)cc1C(c1ccccc1F)=NC2,MIDAZOLAM
CHEMBL137,Cc1ncc([N+](=O)[O-])n1CCO,METRONIDAZOLE
CHEMBL32800,CC(Cc1ccc(O)cc1)NCC(O)c1cc(O)cc(O)c1,FENOTEROL
CHEMBL218650,C[C@]1(COc2ccc(N3CCC(Oc4ccc(OC(F)(F)F)cc4)CC3)cc2)Cn2cc([N+](=O)[O-])nc2O1,DELAMANID
CHEMBL3989677,COc1ccc2c3c1O[C@H]1C(=O)CC[C@H]4[C@@H](C2)N(C)CC[C@]314.O.O.O=C(O)C(O)C(O)C(=O)O,HYDROCODONE BITARTRATE
CHEMBL476960,OCC(CO)N[C@H]1C[C@](O)(CO)[C@@H](O)[C@H](O)[C@H]1O,VOGLIBOSE
CHEMBL979,CCCC(C)(COC(N)=O)COC(N)=O,MEPROBAMATE
CHEMBL834,NCCC(O)(P(=O)(O)O)P(=O)(O)O,PAMIDRONIC ACID
CHEMBL1382,Cc1ccc(O)c([C@H](CCN(C(C)C)C(C)C)c2ccccc2)c1,TOLTERODINE
CHEMBL414357,CC[C@H](C)[C@H](NC(=O)[C@H](Cc1ccccc1)NC(=O)[C@H](CC(C)C)NC(=O)[C@H](CCCNC(=N)N)NC(=O)[C@@H](NC(=O)[C@H](C)NC(=O)[C@H](CCC(=O)O)NC(=O)[C@H](CCC(=O)O)NC(=O)[C@H](CCC(=O)O)NC(=O)[C@H](CCSC)NC(=O)[C@H](CCC(N)=O)NC(=O)[C@H](CCCCN)NC(=O)[C@H](CO)NC(=O)[C@H](CC(C)C)NC(=O)[C@H](CC(=O)O)NC(=O)[C@H](CO)NC(=O)[C@@H](NC(=O)[C@H](Cc1ccccc1)NC(=O)[C@@H](NC(=O)CNC(=O)[C@H](CCC(=O)O)NC(=O)CNC(=O)[C@@H](N)Cc1cnc[nH]1)[C@@H](C)O)[C@@H](C)O)C(C)C)C(=O)N[C@@H](CCC(=O)O)C(=O)N[C@@H](Cc1c[nH]c2ccccc12)C(=O)N[C@@H](CC(C)C)C(=O)N[C@@H](CCCCN)C(=O)N[C@@H](CC(N)=O)C(=O)NCC(=O)NCC(=O)N1CCC[C@H]1C(=O)N[C@@H](CO)C(=O)N[C@@H](CO)C(=O)NCC(=O)N[C@@H](C)C(=O)N1CCC[C@H]1C(=O)N1CCC[C@H]1C(=O)N1CCC[C@H]1C(=O)N[C@@H](CO)C(N)=O,EXENATIDE
CHEMBL383634,COc1ccc2c(c1)C(=O)N(CCc1ccc(S(=O)(=O)NC(=O)NC3CCCCC3)cc1)C(=O)C2(C)C,GLIQUIDONE
CHEMBL2103867,CC(C)C[C@H](NC(=O)[C@@H]1CSSC[C@@H]2NC(=O)[C@H](CC(C)C)NC(=O)[C@H](CCC(=O)O)NC(=O)[C@@H](NC(=O)[C@H](CCC(=O)O)NC(=O)[C@H](CC(=O)O)NC(=O)[C@@H](N)CC(N)=O)CSSC[C@H](NC(=O)[C@H](C)NC(=O)[C@H](C(C)C)NC(=O)[C@H](CC(N)=O)NC(=O)[C@H](C(C)C)NC2=O)C(=O)N[C@@H]([C@@H](C)O)C(=O)NCC(=O)N1)C(=O)O,PLECANATIDE
CHEMBL1303,CCCN(CCc1cccs1)[C@H]1CCc2c(O)cccc2C1,ROTIGOTINE
CHEMBL170988,N=C(N)NC(=N)NCCc1ccccc1,PHENFORMIN
CHEMBL17860,CC(Oc1c(Cl)cccc1Cl)C1=NCCN1,LOFEXIDINE
CHEMBL776,CC(C)NCC(O)c1cc(O)cc(O)c1,METAPROTERENOL
CHEMBL86,CCN(CC)CCNC(=O)c1cc(Cl)c(N)cc1OC,METOCLOPRAMIDE
CHEMBL2367706,O=S(=O)(OC[C@H]1O[C@@H](O[C@]2(COS(=O)(=O)O[Al](O)O)O[C@H](OS(=O)(=O)O[Al](O)O)[C@@H](OS(=O)(=O)O[Al](O)O)[C@@H]2OS(=O)(=O)O[Al](O)O)[C@H](OS(=O)(=O)O[Al](O)O)[C@@H](OS(=O)(=O)O[Al](O)O)[C@@H]1OS(=O)(=O)O[Al](O)O)O[Al](O)O.O[Al](O)O.O[Al](O)O.O[Al](O)O.O[Al](O)O.O[Al](O)O.O[Al](O)O.O[Al](O)O.O[Al](O)O,SUCRALFATE
CHEMBL376897,C[N+]1(C)[C@@H]2C[C@@H](OC(=O)[C@H](CO)c3ccccc3)C[C@H]1[C@@H]1O[C@@H]12,METHSCOPOLAMINE
CHEMBL606,CCCCC(C)(O)C/C=C/[C@H]1[C@H](O)CC(=O)[C@@H]1CCCCCCC(=O)OC,MISOPROSTOL
CHEMBL93,CC(c1cc2ccccc2s1)N(O)C(N)=O,ZILEUTON
CHEMBL1570,O=S(O)CNc1ccc(S(=O)(=O)c2ccc(NCS(=O)O)cc2)cc1,SULFOXONE
CHEMBL385517,N#C[C@@H]1C[C@@H]2C[C@@H]2N1C(=O)[C@@H](N)C12CC3CC(CC(O)(C3)C1)C2,SAXAGLIPTIN ANHYDROUS
CHEMBL480,Cc1c(OCC(F)(F)F)ccnc1C[S+]([O-])c1nc2ccccc2[nH]1,LANSOPRAZOLE
CHEMBL982,C=C1CC[C@@]2(O)[C@H]3Cc4ccc(O)c5c4[C@@]2(CCN3CC2CC2)[C@H]1O5,NALMEFENE
CHEMBL1701,CCOC(=O)C1(c2ccccc2)CCN(C)CC1.Cl,MEPERIDINE HYDROCHLORIDE
CHEMBL70246,Cn1c(=O)c2c(ncn2CC(=O)O)n(C)c1=O,ACEFYLLINE
CHEMBL1514,CC[C@H](OC(C)=O)C(C[C@H](C)N(C)C)(c1ccccc1)c1ccccc1,LEVOMETHADYL ACETATE
CHEMBL86304,O=C(NCCN1CCOCC1)c1ccc(Cl)cc1,MOCLOBEMIDE
CHEMBL2103837,O=C(O)c1ccc2nc(-c3cc(Cl)cc(Cl)c3)oc2c1,TAFAMIDIS
CHEMBL30008,Fc1ccc(C(c2ccc(F)cc2)N2CCN(C/C=C/c3ccccc3)CC2)cc1,FLUNARIZINE
CHEMBL1697841,CNC(C)CCC=C(C)C,ISOMETHEPTENE
CHEMBL2221250,C[C@@H]1NC(=O)[C@@H](N)CNC(=O)[C@H](C2CCNC(=N)N2)NC(=O)/C(=C/NC(N)=O)NC(=O)[C@H](CNC(=O)CC(N)CCCN)NC1=O.N=C1NCCC([C@@H]2NC(=O)/C(=C/NC(N)=O)NC(=O)[C@H](CNC(=O)CC(N)CCCN)NC(=O)[C@H](CO)NC(=O)[C@@H](N)CNC2=O)N1,CAPREOMYCIN
CHEMBL635,C[C@]12C=CC(=O)C=C1CC[C@@H]1[C@@H]2C(=O)C[C@@]2(C)[C@H]1CC[C@]2(O)C(=O)CO,PREDNISONE
CHEMBL1589,CC(=O)c1ccc(S(=O)(=O)NC(=O)NC2CCCCC2)cc1,ACETOHEXAMIDE
CHEMBL3183075,CNC(=C[N+](=O)[O-])NCCSCc1csc(CN(C)C)n1,NIZATIDINE
CHEMBL70972,CC1=C(C)C(=O)C(C(CCCCCC(=O)O)c2ccccc2)=C(C)C1=O,SERATRODAST
CHEMBL1201235,C[N+]1(C)[C@@H]2CC[C@H]1C[C@@H](OC(=O)C(O)c1ccccc1)C2,METHYLHOMATROPINE
CHEMBL862,N=C(N)NC(=O)Cc1c(Cl)cccc1Cl,GUANFACINE
CHEMBL505,CN(C)CCC(c1ccc(Cl)cc1)c1ccccn1,CHLORPHENIRAMINE
CHEMBL1650,CC(=O)OCC(=O)[C@@]1(O)CC[C@H]2[C@@H]3CCC4=CC(=O)CC[C@]4(C)[C@H]3C(=O)C[C@@]21C,CORTISONE ACETATE
CHEMBL1371770,c1cnc(N2CCN(Cc3ccc4c(c3)OCO4)CC2)nc1,PIRIBEDIL
CHEMBL2110588,CCCCCCCC(=O)N[C@H](CN1CCCC1)[C@H](O)c1ccc2c(c1)OCCO2,ELIGLUSTAT
CHEMBL1201203,CN1[C@@H]2CC[C@H]1C[C@@H](OC(c1ccccc1)c1ccccc1)C2,BENZTROPINE
CHEMBL465,CCCCCc1cc(O)c2c(c1)OC(C)(C)[C@@H]1CCC(C)=C[C@@H]21,DRONABINOL
CHEMBL4084119,CCCCCCCCCCCCCCCC(=O)N[C@@H](CCC(=O)NCCCC[C@H](NC(=O)[C@H](C)NC(=O)[C@H](C)NC(=O)[C@H](CCC(N)=O)NC(=O)CNC(=O)[C@H](CCC(=O)O)NC(=O)[C@H](CC(C)C)NC(=O)[C@H](Cc1ccc(O)cc1)NC(=O)[C@H](CO)NC(=O)[C@H](CO)NC(=O)[C@@H](NC(=O)[C@H](CC(=O)O)NC(=O)[C@H](CO)NC(=O)[C@@H](NC(=O)[C@H](Cc1ccccc1)NC(=O)[C@@H](NC(=O)CNC(=O)[C@H](CCC(=O)O)NC(=O)[C@H](C)NC(=O)[C@@H](N)Cc1cnc[nH]1)[C@@H](C)O)[C@@H](C)O)C(C)C)C(=O)N[C@@H](CCC(=O)O)C(=O)N[C@@H](Cc1ccccc1)C(=O)N[C@H](C(=O)N[C@@H](C)C(=O)N[C@@H](Cc1c[nH]c2ccccc12)C(=O)N[C@@H](CC(C)C)C(=O)N[C@H](C(=O)N[C@@H](CCCNC(=N)N)C(=O)NCC(=O)N[C@@H](CCCNC(=N)N)C(=O)NCC(=O)O)C(C)C)[C@@H](C)CC)C(=O)O,LIRAGLUTIDE
CHEMBL1102,CCC1(c2ccccc2)CCC(=O)NC1=O,GLUTETHIMIDE
CHEMBL1779710,CC(C)(C)OC[C@@H]1C(=O)NCCN1C(=O)C[C@H](N)Cc1cc(F)c(F)cc1F,EVOGLIPTIN
CHEMBL1200406,CN(C)CCOC(c1ccccc1)c1ccccc1.Cn1c(=O)c2[nH]c(Cl)nc2n(C)c1=O,DIMENHYDRINATE
CHEMBL3301675,C[C@@H]1NC(=O)[C@@H]2CCCN2C(=O)[C@H](CC(N)=O)NC(=O)[C@@H]2CSSC[C@H](N)C(=O)N[C@H]3CSSC[C@H](NC1=O)C(=O)N[C@@H]([C@@H](C)O)C(=O)NCC(=O)N[C@H](C(=O)N[C@@H](Cc1ccc(O)cc1)C(=O)O)CSSC[C@H](NC(=O)[C@H](Cc1ccc(O)cc1)NC(=O)[C@H](CCC(=O)O)NC3=O)C(=O)N2,LINACLOTIDE
CHEMBL1256786,COc1ccc(CC(C)NCC(O)c2ccc(O)c(NC=O)c2)cc1,FORMOTEROL
CHEMBL395429,CC[C@H](C)[C@@H]1NC(=O)[C@H](Cc2ccc(O)cc2)NC(=O)[C@@H](N)CSSC[C@@H](C(=O)N2CCC[C@H]2C(=O)N[C@@H](CC(C)C)C(=O)NCC(N)=O)NC(=O)[C@H](CC(N)=O)NC(=O)[C@H](CCC(N)=O)NC1=O,OXYTOCIN
CHEMBL95,Nc1c2c(nc3ccccc13)CCCC2,TACRINE
CHEMBL1346,NC(=O)C(c1ccccc1)(c1ccccc1)[C@@H]1CCN(CCc2ccc3c(c2)CCO3)C1,DARIFENACIN
CHEMBL855,Cc1ccc(/C(=C\CN2CCCC2)c2ccccn2)cc1,TRIPROLIDINE
CHEMBL1201134,CCCCC(F)(F)[C@@]1(O)CC[C@H]2[C@@H](CC(=O)[C@@H]2CCCCCCC(=O)O)O1,LUBIPROSTONE
CHEMBL1180725,CC(C)[N+](C)(CCOC(=O)C1c2ccccc2Oc2ccccc21)C(C)C,PROPANTHELINE
CHEMBL1201264,CC[N+](C)(CC)CCOC(=O)C1c2ccccc2Oc2ccccc21,METHANTHELINE
CHEMBL1200825,CCC(=O)C(CC(C)N(C)C)(c1ccccc1)c1ccccc1.Cl,METHADONE HYDROCHLORIDE
CHEMBL1734,O=C(O[C@H]1CN2CCC1CC2)N1CCc2ccccc2[C@@H]1c1ccccc1,SOLIFENACIN
CHEMBL1661,OC[C@@H](O)[C@@H](O[C@@H]1O[C@H](CO)[C@H](O)[C@H](O)[C@H]1O)[C@H](O)[C@@H](O)CO,LACTITOL
CHEMBL1350,O=P(O)(O)C(Sc1ccc(Cl)cc1)P(=O)(O)O,TILUDRONIC ACID
CHEMBL1095607,Cn1c(=O)c2c(ncn2CCCNCC(O)c2cc(O)cc(O)c2)n(C)c1=O,REPROTEROL
CHEMBL1741134,O=S(=O)(O)Oc1ccc(C(c2ccc(OS(=O)(=O)O)cc2)c2ccccn2)cc1,PICOSULFURIC ACID
CHEMBL1752,Cn1c(=O)c2c(ncn2CC(O)CO)n(C)c1=O,DYPHYLLINE
CHEMBL237500,CC#CCn1c(N2CCC[C@@H](N)C2)nc2c1c(=O)n(Cc1nc(C)c3ccccc3n1)c(=O)n2C,LINAGLIPTIN
CHEMBL454,C=CCC1(CC(C)C)C(=O)NC(=O)NC1=O,BUTALBITAL
CHEMBL2106627,CC(=O)Oc1ccc2c3c1O[C@H]1[C@@H](OC(C)=O)C=C[C@H]4[C@@H](C2)N(C)CC[C@@]341.Cl,DIACETYLMORPHINE HYDROCHLORIDE
CHEMBL911,Cc1ccc(-c2nc3ccc(C)cn3c2CC(=O)N(C)C)cc1,ZOLPIDEM
CHEMBL117785,COc1cc2c(cc1OC)C1CC(=O)C(CC(C)C)CN1CC2,TETRABENAZINE
CHEMBL1101,OC(CCN1CCCCC1)(c1ccccc1)C1CC2C=CC1C2,BIPERIDEN
CHEMBL742,CNC1(c2ccccc2Cl)CCCCC1=O,KETAMINE
CHEMBL1187724,C[N+]1(C)[C@@H]2CC[C@H]1C[C@@H](OC(=O)C(CO)c1ccccc1)C2,METHYLATROPINE
CHEMBL887,C#CCN[C@@H]1CCc2ccccc21,RASAGILINE
CHEMBL2018096,OC[C@H]1O[C@@H](c2ccc(F)c(Cc3cc4ccccc4s3)c2)[C@H](O)[C@@H](O)[C@@H]1O,IPRAGLIFLOZIN
CHEMBL135400,CN1CCN(C(=O)OC2c3nccnc3C(=O)N2c2ccc(Cl)cn2)CC1,ZOPICLONE
CHEMBL448,CCCC(C)C1(CC)C(=O)NC(=O)NC1=O,PENTOBARBITAL
CHEMBL714,CC(C)(C)NCC(O)c1ccc(O)c(CO)c1,ALBUTEROL
CHEMBL965,C[N+](C)(C)CCOC(N)=O,CARBAMOYLCHOLINE
CHEMBL1751,C[C@H]1O[C@@H](O[C@H]2[C@@H](O)C[C@H](O[C@H]3[C@@H](O)C[C@H](O[C@H]4CC[C@@]5(C)[C@H](CC[C@@H]6[C@@H]5C[C@@H](O)[C@]5(C)[C@@H](C7=CC(=O)OC7)CC[C@]65O)C4)O[C@@H]3C)O[C@@H]2C)C[C@H](O)[C@@H]1O,DIGOXIN
CHEMBL1123,CCN(CC)CCOC(=O)C1(C2CCCCC2)CCCCC1,DICYCLOMINE
CHEMBL1668,COC(=O)[C@H]1[C@H]2C[C@@H]3c4[nH]c5cc(OC)ccc5c4CCN3C[C@H]2C[C@@H](OC(=O)/C=C/c2cc(OC)c(OC)c(OC)c2)[C@@H]1OC,RESCINNAMINE
CHEMBL376488,COc1nc2ccc(Br)cc2cc1[C@@H](c1ccccc1)[C@@](O)(CCN(C)C)c1cccc2ccccc12,BEDAQUILINE
CHEMBL600,CC(=O)N[C@@H](CS)C(=O)O,ACETYLCYSTEINE
CHEMBL32,COc1c(N2C[C@@H]3CCCN[C@@H]3C2)c(F)cc2c(=O)c(C(=O)O)cn(C3CC3)c12,MOXIFLOXACIN
CHEMBL1206,CCN(CC)C(C)CN1c2ccccc2Sc2ccccc21,ETHOPROPAZINE
CHEMBL24441,CNCCc1ccccn1,BETAHISTINE
CHEMBL1512,CC1(C)O[C@@H]2C[C@H]3[C@@H]4C[C@H](F)C5=CC(=O)C=C[C@]5(C)[C@H]4[C@@H](O)C[C@]3(C)[C@]2(C(=O)CO)O1,FLUNISOLIDE
CHEMBL1422,N[C@@H](CC(=O)N1CCn2c(nnc2C(F)(F)F)C1)Cc1cc(F)c(F)cc1F,SITAGLIPTIN
CHEMBL2079130,CNCc1cc(-c2ccccc2F)n(S(=O)(=O)c2cccnc2)c1,VONOPRAZAN
CHEMBL2095212,Nc1nc(CC(=O)Nc2ccc(CCNC[C@H](O)c3ccccc3)cc2)cs1,MIRABEGRON
CHEMBL142703,N#C[C@@H]1CCCN1C(=O)CNC12CC3CC(CC(O)(C3)C1)C2,VILDAGLIPTIN
CHEMBL741,Nc1nnc(-c2cccc(Cl)c2Cl)c(N)n1,LAMOTRIGINE
CHEMBL1159717,CC(C)(C)NCC(O)c1ccccc1Cl,TULOBUTEROL
CHEMBL1292,CC(C)/N=c1\cc2n(-c3ccc(Cl)cc3)c3ccccc3nc-2cc1Nc1ccc(Cl)cc1,CLOFAZIMINE
CHEMBL772,COC(=O)[C@H]1[C@H]2C[C@@H]3c4[nH]c5cc(OC)ccc5c4CCN3C[C@H]2C[C@@H](OC(=O)c2cc(OC)c(OC)c(OC)c2)[C@@H]1OC,RESERPINE
CHEMBL227875,O=[N+]([O-])c1cn2c(n1)OC[C@@H](OCc1ccc(OC(F)(F)F)cc1)C2,PRETOMANID
CHEMBL1378024,CCCc1cc(C(N)=S)ccn1,PROTIONAMIDE
CHEMBL111,Cc1c(C(=O)NN2CCCCC2)nn(-c2ccc(Cl)cc2Cl)c1-c1ccc(Cl)cc1,RIMONABANT
CHEMBL2028850,N=C(N)NCCC[C@@H](N)C(=O)N[C@@H](CCCNC(=N)N)C(=O)N1CCC[C@H]1C(=O)N1C[C@H](O)C[C@H]1C(=O)NCC(=O)N[C@@H](Cc1cccs1)C(=O)N[C@@H](CO)C(=O)N1Cc2ccccc2C[C@@H]1C(=O)N1[C@H](C(=O)N[C@@H](CCCNC(=N)N)C(=O)O)C[C@@H]2CCCC[C@@H]21,ICATIBANT
CHEMBL396778,C[C@H](NCc1ccc(OCc2cccc(F)c2)cc1)C(N)=O,SAFINAMIDE
CHEMBL1660,CO[C@H]1/C=C/O[C@@]2(C)Oc3c(C)c(O)c4c(O)c(c(/C=N/N5CCN(C6CCCC6)CC5)c(O)c4c3C2=O)NC(=O)/C(C)=C\C=C\[C@H](C)[C@H](O)[C@@H](C)[C@@H](O)[C@@H](C)[C@H](OC(C)=O)[C@@H]1C,RIFAPENTINE
CHEMBL63857,O=C1OC(c2ccc(O)cc2)(c2ccc(O)cc2)c2ccccc21,PHENOLPHTHALEIN
CHEMBL654,CN1CCN2c3ncccc3Cc3ccccc3C2C1,MIRTAZAPINE
CHEMBL431770,CCn1c(=O)c2c(nc(/C=C/c3ccc(OC)c(OC)c3)n2C)n(CC)c1=O,ISTRADEFYLLINE
CHEMBL1574,CC(C)(N)Cc1ccccc1,PHENTERMINE
CHEMBL942,CC(=O)Oc1ccc(C(c2ccc(OC(C)=O)cc2)c2ccccn2)cc1,BISACODYL
CHEMBL316561,CCCN(CCC)C(=O)C(CCC(=O)O)NC(=O)c1ccccc1,PROGLUMIDE
CHEMBL2103758,CC[C@H](C)[C@H](NC(=O)[C@@H]1CCCN1C(=O)CNC(=O)[C@H](Cc1ccccc1)NC(=O)[C@H](CC(N)=O)NC(=O)[C@H](CC(N)=O)NC(=O)[C@H](CO)NC(=O)[C@H](CO)NC(=O)[C@H](Cc1c[nH]cn1)NC(=O)[C@@H](NC(=O)[C@H](CC(C)C)NC(=O)[C@H](Cc1ccccc1)NC(=O)[C@H](CC(N)=O)NC(=O)[C@H](C)NC(=O)[C@H](CC(C)C)NC(=O)[C@H](CCCNC(=N)N)NC(=O)[C@H](CCC(N)=O)NC(=O)[C@@H](NC(=O)[C@H](C)NC(=O)[C@@H]1CSSC[C@H](NC(=O)[C@@H](N)CCCCN)C(=O)N[C@@H](CC(N)=O)C(=O)N[C@@H]([C@@H](C)O)C(=O)N[C@@H](C)C(=O)N[C@@H]([C@@H](C)O)C(=O)N1)[C@@H](C)O)C(C)C)C(=O)N[C@@H](CC(C)C)C(=O)N1CCC[C@H]1C(=O)N1CCC[C@H]1C(=O)N[C@H](C(=O)N[C@@H](CC(N)=O)C(=O)N[C@H](C(=O)NCC(=O)N[C@@H](CO)C(=O)N[C@@H](CC(N)=O)C(=O)N[C@H](C(=O)N[C@@H](Cc1ccc(O)cc1)C(N)=O)[C@@H](C)O)C(C)C)[C@@H](C)O,PRAMLINTIDE
CHEMBL3039520,CN1CCC(C(=O)c2cccc(NC(=O)c3c(F)cc(F)cc3F)n2)CC1,LASMIDITAN
CHEMBL1561,OCCN1C[C@H](O)[C@@H](O)[C@H](O)[C@H]1CO,MIGLITOL
CHEMBL660,NC12CC3CC(CC(C3)C1)C2,AMANTADINE
CHEMBL284348,Nc1ccncc1,DALFAMPRIDINE
CHEMBL86715,OC(CCN1CCCC1)(c1ccccc1)C1CCCCC1,PROCYCLIDINE
CHEMBL716,OCCOCCN1CCN(C2=Nc3ccccc3Sc3ccccc32)CC1,QUETIAPINE
CHEMBL447,C=CCC1(C(C)CCC)C(=O)NC(=O)NC1=O,SECOBARBITAL
CHEMBL435,NS(=O)(=O)c1cc2c(cc1Cl)NCNS2(=O)=O,HYDROCHLOROTHIAZIDE
CHEMBL1648,COC(=O)C1=C(C)NC(C)=C(C(=O)OC(C)C)C1c1cccc2nonc12,ISRADIPINE
CHEMBL4297526,COC(=O)CC[C@@H]1N=C(c2ccccn2)c2cc(Br)ccc2-n2c(C)cnc21,REMIMAZOLAM
CHEMBL900,Cc1ccccc1C(OCCN(C)C)c1ccccc1,ORPHENADRINE
CHEMBL190461,C=C(C)[C@@H]1CCC(C)=C[C@H]1c1c(O)cc(CCCCC)cc1O,CANNABIDIOL
CHEMBL451,CNC1=Nc2ccc(Cl)cc2C(c2ccccc2)=[N+]([O-])C1,CHLORDIAZEPOXIDE
CHEMBL1263,OCc1cc(C(O)CNCCCCCCOCCCCc2ccccc2)ccc1O,SALMETEROL
CHEMBL1200969,C[C@]12C=CC(=O)N[C@@H]1CC[C@@H]1[C@@H]2CC[C@]2(C)[C@@H](C(=O)Nc3cc(C(F)(F)F)ccc3C(F)(F)F)CC[C@@H]12,DUTASTERIDE
CHEMBL550,CC[C@@H]1C(=O)OC[C@@H]1Cc1cncn1C,PILOCARPINE
CHEMBL746,CCCc1c2oc(C(=O)O)cc(=O)c2cc2c(=O)cc(C(=O)O)n(CC)c12,NEDOCROMIL
CHEMBL449,CCC(C)C1(CC)C(=O)NC(=O)NC1=O,BUTABARBITAL
CHEMBL1201294,CCOC(=O)C1(c2ccccc2)CCN(CCC(C#N)(c2ccccc2)c2ccccc2)CC1,DIPHENOXYLATE
CHEMBL707,COc1cc2nc(N3CCN(C(=O)C4COc5ccccc5O4)CC3)nc(N)c2cc1OC,DOXAZOSIN
CHEMBL972,C#CCN(C)[C@H](C)Cc1ccccc1,SELEGILINE
CHEMBL1451,C[C@]12C=CC(=O)C=C1CC[C@H]1[C@@H]3C[C@@H](O)[C@](O)(C(=O)CO)[C@@]3(C)C[C@H](O)[C@@]12F,TRIAMCINOLONE
CHEMBL1237055,CN1CC[C@]23c4c5ccc(O)c4O[C@H]2C(=O)CC[C@H]3[C@H]1C5.Cl,HYDROMORPHONE HYDROCHLORIDE
CHEMBL1508,CN(C)CCC[C@@]1(c2ccc(F)cc2)OCc2cc(C#N)ccc21,ESCITALOPRAM
CHEMBL49080,CC(C)(C)NCC(O)c1cc(Cl)c(N)c(Cl)c1,CLENBUTEROL
CHEMBL715,Cc1cc2c(s1)Nc1ccccc1N=C2N1CCN(C)CC1,OLANZAPINE
CHEMBL2364639,COc1cc2c(cc1OC)[C@H]1C[C@@H](OC(=O)[C@@H](N)C(C)C)[C@H](CC(C)C)CN1CC2,VALBENAZINE
CHEMBL282121,CCN(CCCCOC(=O)c1ccc(OC)c(OC)c1)C(C)Cc1ccc(OC)cc1,MEBEVERINE
CHEMBL1110,Cc1[nH]cnc1CN1CCc2c(c3ccccc3n2C)C1=O,ALOSETRON
CHEMBL1256391,Cc1ccc(=O)n(-c2ccccc2)c1,PIRFENIDONE
CHEMBL1790041,CNC(=C[N+](=O)[O-])NCCSCc1ccc(CN(C)C)o1,RANITIDINE
CHEMBL1566,C[C@H]1O[C@H](O[C@H]2[C@H](O)[C@@H](O)[C@@H](O[C@H]3[C@H](O)[C@@H](O)[C@H](O)O[C@@H]3CO)O[C@@H]2CO)[C@H](O)[C@@H](O)[C@@H]1N[C@H]1C=C(CO)[C@@H](O)[C@H](O)[C@H]1O,ACARBOSE
CHEMBL1219,COCCCOc1ccnc(C[S+]([O-])c2nc3ccccc3[nH]2)c1C,RABEPRAZOLE
CHEMBL1370,CCCC1O[C@@H]2C[C@H]3[C@@H]4CCC5=CC(=O)C=C[C@]5(C)[C@H]4[C@@H](O)C[C@]3(C)[C@]2(C(=O)CO)O1,BUDESONIDE
CHEMBL611,COc1cc2nc(N3CCN(C(=O)C4CCCO4)CC3)nc(N)c2cc1OC,TERAZOSIN
CHEMBL39736,CCCCNC(=N)NC(=N)N,BUFORMIN
CHEMBL1495,CN1CCCN=C1COC(=O)C(O)(c1ccccc1)C1CCCCC1,OXYPHENCYCLIMINE
CHEMBL2219418,C=CCN1CC[C@]23c4c5ccc(O)c4O[C@H]2[C@@H](OCCOCCOCCOCCOCCOCCOCCOC)CC[C@@]3(O)[C@H]1C5,NALOXEGOL
CHEMBL376359,Cn1c(=O)cc(N2CCC[C@@H](N)C2)n(Cc2ccccc2C#N)c1=O,ALOGLIPTIN
CHEMBL2107175,N#Cc1c(N(CC(=O)O)CC(=O)O)sc(C(=O)O)c1CC(=O)O,RANELIC ACID
CHEMBL1431,CN(C)C(=N)NC(=N)N,METFORMIN
CHEMBL1490,OC(CCN1CCCCC1)(c1ccccc1)C1CCCCC1,TRIHEXYPHENIDYL
CHEMBL1194325,O=C(O[C@H]1C[N+]2(CCCOc3ccccc3)CCC1CC2)C(O)(c1cccs1)c1cccs1,ACLIDINIUM
CHEMBL531,CCCN1C[C@H](CSC)C[C@@H]2c3cccc4[nH]cc(c34)C[C@H]21,PERGOLIDE
CHEMBL1621597,CC(C)[N+]1(C)[C@@H]2CC[C@H]1C[C@@H](OC(=O)C(CO)c1ccccc1)C2,IPRATROPIUM
CHEMBL3304485,CN1Cc2c(Cl)cc(Cl)cc2[C@H](c2cccc(S(=O)(=O)NCCOCCOCCNC(=O)NCCCCNC(=O)NCCOCCOCCNS(=O)(=O)c3cccc([C@@H]4CN(C)Cc5c(Cl)cc(Cl)cc54)c3)c2)C1,TENAPANOR
CHEMBL121,CN(CCOc1ccc(CC2SC(=O)NC2=O)cc1)c1ccccn1,ROSIGLITAZONE
CHEMBL529888,Cc1ccc(S(=O)(=O)NC(=O)N[C@H]2[C@H]3CC[C@@](C)([C@H]2O)C3(C)C)cc1,GLIBORNURIDE
CHEMBL88055,Oc1ccc(C(O)C2CCCCN2)cc1O,RIMITEROL
CHEMBL928,O=C1CN(/N=C/c2ccc(-c3ccc([N+](=O)[O-])cc3)o2)C(=O)[N-]1.[Na+],DANTROLENE SODIUM
CHEMBL6,COc1ccc2c(c1)c(CC(=O)O)c(C)n2C(=O)c1ccc(Cl)cc1,INDOMETHACIN
CHEMBL1200890,COc1ccc2c3c1O[C@H]1C(=O)CC[C@@]4(O)[C@@H](C2)N(C)CC[C@]314.Cl,OXYCODONE HYDROCHLORIDE
CHEMBL4594271,N#Cc1cccc(C(NCC2CC2)c2ccc(F)c(NC(=O)c3cc(C(F)(F)F)nn3-c3cccc(CN)c3)c2)c1,BEROTRALSTAT
CHEMBL1161,C[C@@H]1C[C@H]2[C@@H]3CCC4=CC(=O)C=C[C@]4(C)[C@@]3(Cl)[C@@H](O)C[C@]2(C)[C@@]1(OC(=O)c1ccco1)C(=O)CCl,MOMETASONE FUROATE
CHEMBL1551,C[C@H](CCC(=O)O)[C@H]1CC[C@H]2[C@@H]3[C@@H](O)C[C@@H]4C[C@H](O)CC[C@]4(C)[C@H]3CC[C@]12C,URSODIOL
CHEMBL64,NNC(=O)c1ccncc1,ISONIAZID
CHEMBL1963681,COc1ccc(CNc2nc(N3CCC[C@H]3CO)ncc2C(=O)NCc2ncccn2)cc1Cl,AVANAFIL
CHEMBL193,COC(=O)C1=C(C)NC(C)=C(C(=O)OC)C1c1ccccc1[N+](=O)[O-],NIFEDIPINE
CHEMBL428880,O=C(O)c1cc(=O)c2c(OCC(O)COc3cccc4oc(C(=O)O)cc(=O)c34)cccc2o1,CROMOLYN
CHEMBL24778,C[C@H](Cc1cc2c(c(C(N)=O)c1)N(CCCO)CC2)NCCOc1ccccc1OCC(F)(F)F,SILODOSIN
CHEMBL131,C[C@]12C=CC(=O)C=C1CC[C@@H]1[C@@H]2[C@@H](O)C[C@@]2(C)[C@H]1CC[C@]2(O)C(=O)CO,PREDNISOLONE
CHEMBL80,C=CCN1CC[C@]23c4c5ccc(O)c4O[C@H]2C(=O)CC[C@@]3(O)[C@H]1C5,NALOXONE
CHEMBL771,N[C@@H]1CONC1=O,CYCLOSERINE
CHEMBL1089318,Cc1c(Cl)c(C)[n+]([O-])c(Cl)c1-c1noc(-c2cc(O)c(O)c([N+](=O)[O-])c2)n1,OPICAPONE
CHEMBL502,COc1cc2c(cc1OC)C(=O)C(CC1CCN(Cc3ccccc3)CC1)C2,DONEPEZIL
CHEMBL256997,O=C(O)c1cccc(-c2noc(-c3ccccc3F)n2)c1,ATALUREN
CHEMBL181,CC1=Nc2ccc(Cl)cc2S(=O)(=O)N1,DIAZOXIDE
CHEMBL253371,CCN(CCCc1ccccc1)CCCc1ccccc1,ALVERINE
CHEMBL270190,C[C@H]1CN(C[C@H](Cc2ccccc2)C(=O)NCC(=O)O)CC[C@@]1(C)c1cccc(O)c1,ALVIMOPAN
CHEMBL19224,COc1ccc(Cc2nccc3cc(OC)c(OC)cc23)cc1OC,PAPAVERINE
CHEMBL1473,CCC(=O)O[C@]1(C(=O)SCF)[C@H](C)C[C@H]2[C@@H]3C[C@H](F)C4=CC(=O)C=C[C@]4(C)[C@@]3(F)[C@@H](O)C[C@@]21C,FLUTICASONE PROPIONATE
CHEMBL629,CN(C)CCC=C1c2ccccc2CCc2ccccc21,AMITRIPTYLINE
CHEMBL2107830,OC[C@H]1O[C@@H](c2ccc(Cl)c(Cc3ccc(O[C@H]4CCOC4)cc3)c2)[C@H](O)[C@@H](O)[C@@H]1O,EMPAGLIFLOZIN
CHEMBL1528,[F-].[Na+],SODIUM FLUORIDE
CHEMBL53418,O=C1c2cccc(O)c2C(=O)c2c(O)cccc21,DANTHRON
CHEMBL363295,CC(CC(c1ccccc1)c1ccccc1)NC(C)(C)C,TERODILINE
CHEMBL12,CN1C(=O)CN=C(c2ccccc2)c2cc(Cl)ccc21,DIAZEPAM
CHEMBL1009,N[C@@H](Cc1ccc(O)c(O)c1)C(=O)O,LEVODOPA
CHEMBL1201295,Cc1ccc(C(=O)Oc2ccc(C(O)CNC(C)(C)C)cc2OC(=O)c2ccc(C)cc2)cc1,BITOLTEROL
CHEMBL113,Cn1c(=O)c2c(ncn2C)n(C)c1=O,CAFFEINE
CHEMBL37390,CC(O)Cn1cnc2c1c(=O)n(C)c(=O)n2C,PROXYPHYLLINE
CHEMBL1201081,C[C@H]1C[C@@H]2[C@H]([C@@H](O)C[C@@]3(C)[C@H]2CC[C@]3(O)C(=O)COC(=O)CCC(=O)[O-])[C@@]2(C)C=CC(=O)C=C12.[Na+],METHYLPREDNISOLONE SODIUM SUCCINATE
CHEMBL589,CCCN(CCC)CCc1cccc2c1CC(=O)N2,ROPINIROLE
CHEMBL708,O=C1Cc2cc(CCN3CCN(c4nsc5ccccc45)CC3)c(Cl)cc2N1,ZIPRASIDONE
CHEMBL1241,CN(C)CCN(Cc1ccccc1)c1ccccn1,TRIPELENNAMINE
CHEMBL1618102,CCCC[N+]1(C)[C@@H]2C[C@@H](OC(=O)[C@H](CO)c3ccccc3)C[C@H]1[C@@H]1O[C@@H]12,BUTYLSCOPOLAMINE
CHEMBL1502,COc1ccnc(C[S+]([O-])c2nc3cc(OC(F)F)ccc3[nH]2)c1OC,PANTOPRAZOLE
CHEMBL524004,C[N+]1(C)CCCC(OC(=O)C(O)(c2ccccc2)c2ccccc2)C1,MEPENZOLATE
CHEMBL76370,CCCCCNC(=N)N/N=C/c1c[nH]c2ccc(OC)cc12,TEGASEROD
CHEMBL2048484,Cc1ccc([C@@H]2O[C@H](CO)[C@@H](O)[C@H](O)[C@H]2O)cc1Cc1ccc(-c2ccc(F)cc2)s1,CANAGLIFLOZIN ANHYDROUS
CHEMBL407,CCOC(=O)c1ncn2c1CN(C)C(=O)c1cc(F)ccc1-2,FLUMAZENIL
CHEMBL4297528,Cc1cn2nc(-c3cc(=O)n4cc(N5CCNC6(CC6)C5)ccc4n3)cc(C)c2n1,RISDIPLAM
CHEMBL52440,COc1ccc2c(c1)[C@]13CCCC[C@@H]1[C@H](C2)N(C)CC3,DEXTROMETHORPHAN
CHEMBL159226,CC(=O)Oc1cc(C(C)C)c(OCCN(C)C)cc1C,MOXISYLYTE
CHEMBL870,NCCCC(O)(P(=O)(O)O)P(=O)(O)O,ALENDRONIC ACID
CHEMBL2110948,C[N+]1(C)CCCC1COC(=O)C(O)(c1ccccc1)c1ccccc1,POLDINE
CHEMBL2110805,CC[N+](C)(C)C(C)CC(c1ccccc1)c1ccccc1,EMEPRONIUM
CHEMBL1201087,C=CCN1C[C@H](C(=O)N(CCCN(C)C)C(=O)NCC)C[C@@H]2c3cccc4[nH]cc(c34)C[C@H]21,CABERGOLINE
CHEMBL427216,Cc1ccc(S(=O)(=O)NC(=O)NN2CC3CCCC3C2)cc1,GLICLAZIDE
CHEMBL429910,CCOc1ccc(Cc2cc([C@@H]3O[C@H](CO)[C@@H](O)[C@H](O)[C@H]3O)ccc2Cl)cc1,DAPAGLIFLOZIN
CHEMBL1201342,CN1CCCC(CC2c3ccccc3Sc3ccccc32)C1,METHIXENE
CHEMBL636,CCN(C)C(=O)Oc1cccc([C@H](C)N(C)C)c1,RIVASTIGMINE
CHEMBL1623992,CCN1CCCC(OC(=O)C(c2ccccc2)c2ccccc2)C1,PIPERIDOLATE
CHEMBL1900528,C[N+]1(C)[C@@H]2C[C@@H](OC(=O)C(O)(c3cccs3)c3cccs3)C[C@H]1[C@@H]1O[C@@H]12,TIOTROPIUM
CHEMBL511142,CO[C@@]12CC[C@@]3(C[C@@H]1[C@](C)(O)C(C)(C)C)[C@H]1Cc4ccc(O)c5c4[C@@]3(CCN1CC1CC1)[C@H]2O5,BUPRENORPHINE
CHEMBL134,Clc1cccc(Cl)c1NC1=NCCN1,CLONIDINE
CHEMBL1770248,CCOc1ccc(Cc2cc([C@]34OC[C@](CO)(O3)[C@@H](O)[C@H](O)[C@H]4O)ccc2Cl)cc1,ERTUGLIFLOZIN
CHEMBL1095777,CCc1cc2c(cc1CC)CC(NC[C@H](O)c1ccc(O)c3[nH]c(=O)ccc13)C2,INDACATEROL
CHEMBL2147777,Cc1cc(N2CCN([C@@H]3CN[C@H](C(=O)N4CCSC4)C3)CC2)n(-c2ccccc2)n1,TENELIGLIPTIN
CHEMBL1201293,CC(=O)NCCCS(=O)(=O)O,ACAMPROSATE
CHEMBL1201099,COc1ccc2c3c1O[C@H]1[C@@H](O)C=C[C@H]4[C@@H](C2)N(C)CC[C@@]341.O.O=P(O)(O)O,CODEINE PHOSPHATE
CHEMBL1094966,CC(C)(C)NCC(O)c1ccc(O)c(CO)n1,PIRBUTEROL
CHEMBL796,COC(=O)C(c1ccccc1)C1CCCCN1,METHYLPHENIDATE
CHEMBL2040682,CC(C)C(=O)OCC(=O)[C@@]12O[C@H](C3CCCCC3)O[C@@H]1C[C@H]1[C@@H]3CCC4=CC(=O)C=C[C@]4(C)[C@H]3[C@@H](O)C[C@@]12C,CICLESONIDE
CHEMBL290916,CC1=NN(c2ccccc2)C(=O)C1,EDARAVONE
CHEMBL1286,CC[C@@H](C(N)=O)N1CCCC1=O,LEVETIRACETAM
CHEMBL1520,CCCc1nc(C)c2c(=O)nc(-c3cc(S(=O)(=O)N4CCN(CC)CC4)ccc3OCC)[nH]n12,VARDENAFIL
CHEMBL1518,CCCc1cc(=O)[nH]c(=S)[nH]1,PROPYLTHIOURACIL
CHEMBL782,CCCCNC(=O)NS(=O)(=O)c1ccc(C)cc1,TOLBUTAMIDE
CHEMBL325109,COc1cc(N)c(Cl)cc1C(=O)NC1CCN(Cc2ccccc2)CC1,CLEBOPRIDE
CHEMBL656,COc1ccc2c3c1O[C@H]1C(=O)CC[C@@]4(O)[C@@H](C2)N(C)CC[C@]314,OXYCODONE
CHEMBL360328,C[C@H]1CNCCc2ccc(Cl)cc21,LORCASERIN
CHEMBL4297364,CC[N+]1(C)[C@@H]2CC(OC(=O)[C@H](CO)c3ccccc3)C[C@H]1[C@@H]1O[C@@H]12,OXITROPIUM
CHEMBL709,COc1cc2nc(N(C)CCCNC(=O)C3CCCO3)nc(N)c2cc1OC,ALFUZOSIN
CHEMBL374478,CO[C@H]1/C=C/O[C@@]2(C)Oc3c(C)c(O)c4c(O)c(c(/C=N/N5CCN(C)CC5)c(O)c4c3C2=O)NC(=O)/C(C)=C\C=C\[C@H](C)[C@H](O)[C@@H](C)[C@@H](O)[C@@H](C)[C@H](OC(C)=O)[C@@H]1C,RIFAMPIN
CHEMBL1187833,OC(c1ccccc1)(c1ccccc1)C12CC[N+](CCOCc3ccccc3)(CC1)CC2,UMECLIDINIUM
CHEMBL1482,CC(C[N+](C)(C)C)OC(N)=O,BETHANECHOL
CHEMBL459324,CC(=O)Oc1ccc2c3c1O[C@H]1[C@@H](OC(C)=O)C=C[C@H]4[C@@H](C2)N(C)CC[C@@]341,DIACETYLMORPHINE
CHEMBL1909324,COc1cc(Br)c(C[N+]2(CCOCCC3CCC4CC3C4(C)C)CCOCC2)cc1OC,PINAVERIUM
CHEMBL1201232,CC(C)[N+](C)(CCC(C(N)=O)(c1ccccc1)c1ccccc1)C(C)C,ISOPROPAMIDE
CHEMBL4297091,COc1ccc2c3c1O[C@H]1[C@@H](O)C=C[C@H]4[C@@H](C2)N(C)CC[C@@]341.COc1ccc2c3c1O[C@H]1[C@@H](O)C=C[C@H]4[C@@H](C2)N(C)CC[C@@]341.O.O.O.O=S(=O)(O)O,CODEINE SULFATE
CHEMBL1201213,CCC(NC(C)C)C(O)c1ccc(O)c(O)c1,ISOETHARINE
CHEMBL1522,CN1CCN(C(=O)O[C@H]2c3nccnc3C(=O)N2c2ccc(Cl)cn2)CC1,ESZOPICLONE
CHEMBL444633,CO[C@H]1/C=C/O[C@@]2(C)Oc3c(C)c(O)c4c(c3C2=O)C2=NC3(CCN(CC(C)C)CC3)NC2=C(NC(=O)/C(C)=C\C=C\[C@H](C)[C@H](O)[C@@H](C)[C@@H](O)[C@@H](C)[C@H](OC(C)=O)[C@@H]1C)C4=O,RIFABUTIN
CHEMBL276832,NNc1nncc2ccccc12,HYDRALAZINE
CHEMBL296306,OC[C@H]1O[C@@H](O[C@@H]2[C@@H](CO)O[C@](O)(CO)[C@H]2O)[C@H](O)[C@@H](O)[C@H]1O,LACTULOSE
CHEMBL19449,CC(C)C(=O)c1c(C(C)C)nn2ccccc12,IBUDILAST
CHEMBL1256958,CNC[C@H](O)c1ccc(O)c(O)c1.O=C(O)C(O)C(O)C(=O)O,EPINEPHRINE BITARTRATE
CHEMBL21333,O=C(Nc1cccc2c(=O)cc(-c3nnn[nH]3)oc12)c1ccc(OCCCCc2ccccc2)cc1,PRANLUKAST
CHEMBL23,COc1ccc([C@@H]2Sc3ccccc3N(CCN(C)C)C(=O)[C@@H]2OC(C)=O)cc1,DILTIAZEM
CHEMBL836,CCOc1ccccc1OCCN[C@H](C)Cc1ccc(OC)c(S(N)(=O)=O)c1,TAMSULOSIN
CHEMBL1481,CCC1=C(C)CN(C(=O)NCCc2ccc(S(=O)(=O)NC(=O)N[C@H]3CC[C@H](C)CC3)cc2)C1=O,GLIMEPIRIDE
CHEMBL408,Cc1c(C)c2c(c(C)c1O)CCC(C)(COc1ccc(CC3SC(=O)NC3=O)cc1)O2,TROGLITAZONE
CHEMBL411,CC/C(=C(/CC)c1ccc(O)cc1)c1ccc(O)cc1,DIETHYLSTILBESTROL
CHEMBL192,CCCc1nn(C)c2c(=O)[nH]c(-c3cc(S(=O)(=O)N4CCN(C)CC4)ccc3OCC)nc12,SILDENAFIL
CHEMBL517712,CN1[C@@H]2CC[C@H]1C[C@@H](OC(=O)C(CO)c1ccccc1)C2,ATROPINE
CHEMBL1314,CC(S)C(=O)NCC(=O)O,TIOPRONIN
CHEMBL643,CC(CN1c2ccccc2Sc2ccccc21)N(C)C,PROMETHAZINE
CHEMBL632,C[C@H]1C[C@H]2[C@@H]3CCC4=CC(=O)C=C[C@]4(C)[C@@]3(F)[C@@H](O)C[C@]2(C)[C@@]1(O)C(=O)CO,BETAMETHASONE
CHEMBL1493,Cc1c(-c2ccccc2)oc2c(C(=O)OCCN3CCCCC3)cccc2c1=O,FLAVOXATE
CHEMBL3833319,CN(CCN1CCC(OC(=O)Nc2ccccc2-c2ccccc2)CC1)C(=O)c1ccc(CN2CCC(C(N)=O)CC2)cc1,REVEFENACIN
CHEMBL1201340,C[N+]1(C)CCC(=C(c2ccccc2)c2ccccc2)CC1,DIPHEMANIL
CHEMBL437765,CO[C@H]1/C=C/O[C@@]2(C)Oc3c(C)c(O)c4c(O)c(cc(O)c4c3C2=O)NC(=O)/C(C)=C\C=C\[C@H](C)[C@H](O)[C@@H](C)[C@@H](O)[C@@H](C)[C@H](OC(C)=O)[C@@H]1C,RIFAMYCIN
CHEMBL1373,NC(=O)C[S+]([O-])C(c1ccccc1)c1ccccc1,MODAFINIL
CHEMBL896,OCCOCCN1CCN(C(c2ccccc2)c2ccc(Cl)cc2)CC1,HYDROXYZINE
CHEMBL894,CC(NC(C)(C)C)C(=O)c1cccc(Cl)c1,BUPROPION
CHEMBL1201178,CS(=O)(=O)O.CS(=O)(=O)O.C[C@@H](Cc1ccccc1)NC(=O)[C@@H](N)CCCCN,LISDEXAMFETAMINE DIMESYLATE
CHEMBL871,CC(O)(P(=O)(O)O)P(=O)(O)O,ETIDRONIC ACID
CHEMBL4297588,CCCCC1(CCCC)CN(c2ccccc2)c2cc(SC)c(OCC(=O)N[C@@H](C(=O)N[C@@H](CC)C(=O)O)c3ccc(O)cc3)cc2S(=O)(=O)N1,ODEVIXIBAT
CHEMBL1622,Nc1nc(=O)c2nc(CNc3ccc(C(=O)N[C@@H](CCC(=O)O)C(=O)O)cc3)cnc2[nH]1,FOLIC ACID
CHEMBL117287,COCCCN1CCC(NC(=O)c2cc(Cl)c(N)c3c2OCC3)CC1,PRUCALOPRIDE
CHEMBL620,C[N+]12CCC(CC1)C(OC(=O)C(O)(c1ccccc1)c1ccccc1)C2,CLIDINIUM
CHEMBL2105648,CC1(C)CCC(C)(C)c2cc(Cn3cccn3)c(/C=C/c3ccc(C(=O)O)cc3)cc21,PALOVAROTENE
CHEMBL1043,Nc1ccc(S(=O)(=O)c2ccc(N)cc2)cc1,DAPSONE
CHEMBL400599,CC(Cc1cccc(C(F)(F)F)c1)NCCOC(=O)c1ccccc1,BENFLUOREX
CHEMBL573,O=C(O)c1cccnc1,NIACIN
CHEMBL1676,C[C@@H]1C[C@H]2[C@@H]3C[C@H](F)C4=CC(=O)C=C[C@]4(C)[C@@]3(F)[C@@H](O)C[C@]2(C)[C@@]1(OC(=O)c1ccco1)C(=O)SCF,FLUTICASONE FUROATE
CHEMBL902,NC(N)=Nc1nc(CSCC/C(N)=N/S(N)(=O)=O)cs1,FAMOTIDINE
CHEMBL3039507,CCOc1ccc(Cc2cc([C@@H]3O[C@H](SC)[C@@H](O)[C@H](O)[C@H]3O)ccc2Cl)cc1,SOTAGLIFLOZIN
CHEMBL1503,COc1ccc2[nH]c([S+]([O-])Cc3ncc(C)c(OC)c3C)nc2c1,OMEPRAZOLE
CHEMBL485,COc1ccc2c3c1O[C@H]1[C@@H](O)C=C[C@H]4[C@@H](C2)N(C)CC[C@@]341,CODEINE
CHEMBL434,CC(C)NCC(O)c1ccc(O)c(O)c1,ISOPROTERENOL
CHEMBL595,CCc1ccc(CCOc2ccc(CC3SC(=O)NC3=O)cc2)nc1,PIOGLITAZONE
CHEMBL940,NCC1(CC(=O)O)CCCCC1,GABAPENTIN
CHEMBL1324,Cc1ccc(C(=O)c2cc(O)c(O)c([N+](=O)[O-])c2)cc1,TOLCAPONE
CHEMBL168815,CC1OC2(CS1)CN1CCC2CC1,CEVIMELINE
CHEMBL1477036,CCCCC(CC)COC(=O)CC(C(=O)OCC(CC)CCCC)S(=O)(=O)O,DOCUSATE
CHEMBL1272,CCOc1cc(CC(=O)N[C@@H](CC(C)C)c2ccccc2N2CCCCC2)ccc1C(=O)O,REPAGLINIDE