name,prediction_label,canonical_smiles
BEROTRALSTAT,6.988242501,N#Cc1cccc(C(NCC2CC2)c2ccc(F)c(NC(=O)c3cc(C(F)(F)F)nn3-c3cccc(CN)c3)c2)c1
OLODATEROL,6.679598204,COc1ccc(CC(C)(C)NC[C@H](O)c2cc(O)cc3c2OCC(=O)N3)cc1
RESERPINE,6.638945792,COC(=O)[C@H]1[C@H]2C[C@@H]3c4[nH]c5cc(OC)ccc5c4CCN3C[C@H]2C[C@@H](OC(=O)c2cc(OC)c(OC)c(OC)c2)[C@@H]1OC
LIRAGLUTIDE,6.605513554,CCCCCCCCCCCCCCCC(=O)N[C@@H](CCC(=O)NCCCC[C@H](NC(=O)[C@H](C)NC(=O)[C@H](C)NC(=O)[C@H](CCC(N)=O)NC(=O)CNC(=O)[C@H](CCC(=O)O)NC(=O)[C@H](CC(C)C)NC(=O)[C@H](Cc1ccc(O)cc1)NC(=O)[C@H](CO)NC(=O)[C@H](CO)NC(=O)[C@@H](NC(=O)[C@H](CC(=O)O)NC(=O)[C@H](CO)NC(=O)[C@@H](NC(=O)[C@H](Cc1ccccc1)NC(=O)[C@@H](NC(=O)CNC(=O)[C@H](CCC(=O)O)NC(=O)[C@H](C)NC(=O)[C@@H](N)Cc1cnc[nH]1)[C@@H](C)O)[C@@H](C)O)C(C)C)C(=O)N[C@@H](CCC(=O)O)C(=O)N[C@@H](Cc1ccccc1)C(=O)N[C@H](C(=O)N[C@@H](C)C(=O)N[C@@H](Cc1c[nH]c2ccccc12)C(=O)N[C@@H](CC(C)C)C(=O)N[C@H](C(=O)N[C@@H](CCCNC(=N)N)C(=O)NCC(=O)N[C@@H](CCCNC(=N)N)C(=O)NCC(=O)O)C(C)C)[C@@H](C)CC)C(=O)O
TADALAFIL,6.594680448,CN1CC(=O)N2[C@H](c3ccc4c(c3)OCO4)c3[nH]c4ccccc4c3C[C@@H]2C1=O
PRAMLINTIDE,6.490024898,CC[C@H](C)[C@H](NC(=O)[C@@H]1CCCN1C(=O)CNC(=O)[C@H](Cc1ccccc1)NC(=O)[C@H](CC(N)=O)NC(=O)[C@H](CC(N)=O)NC(=O)[C@H](CO)NC(=O)[C@H](CO)NC(=O)[C@H](Cc1c[nH]cn1)NC(=O)[C@@H](NC(=O)[C@H](CC(C)C)NC(=O)[C@H](Cc1ccccc1)NC(=O)[C@H](CC(N)=O)NC(=O)[C@H](C)NC(=O)[C@H](CC(C)C)NC(=O)[C@H](CCCNC(=N)N)NC(=O)[C@H](CCC(N)=O)NC(=O)[C@@H](NC(=O)[C@H](C)NC(=O)[C@@H]1CSSC[C@H](NC(=O)[C@@H](N)CCCCN)C(=O)N[C@@H](CC(N)=O)C(=O)N[C@@H]([C@@H](C)O)C(=O)N[C@@H](C)C(=O)N[C@@H]([C@@H](C)O)C(=O)N1)[C@@H](C)O)C(C)C)C(=O)N[C@@H](CC(C)C)C(=O)N1CCC[C@H]1C(=O)N1CCC[C@H]1C(=O)N[C@H](C(=O)N[C@@H](CC(N)=O)C(=O)N[C@H](C(=O)NCC(=O)N[C@@H](CO)C(=O)N[C@@H](CC(N)=O)C(=O)N[C@H](C(=O)N[C@@H](Cc1ccc(O)cc1)C(N)=O)[C@@H](C)O)C(C)C)[C@@H](C)O
VALBENAZINE,6.482347728,COc1cc2c(cc1OC)[C@H]1C[C@@H](OC(=O)[C@@H](N)C(C)C)[C@H](CC(C)C)CN1CC2
EXENATIDE,6.471385052,CC[C@H](C)[C@H](NC(=O)[C@H](Cc1ccccc1)NC(=O)[C@H](CC(C)C)NC(=O)[C@H](CCCNC(=N)N)NC(=O)[C@@H](NC(=O)[C@H](C)NC(=O)[C@H](CCC(=O)O)NC(=O)[C@H](CCC(=O)O)NC(=O)[C@H](CCC(=O)O)NC(=O)[C@H](CCSC)NC(=O)[C@H](CCC(N)=O)NC(=O)[C@H](CCCCN)NC(=O)[C@H](CO)NC(=O)[C@H](CC(C)C)NC(=O)[C@H](CC(=O)O)NC(=O)[C@H](CO)NC(=O)[C@@H](NC(=O)[C@H](Cc1ccccc1)NC(=O)[C@@H](NC(=O)CNC(=O)[C@H](CCC(=O)O)NC(=O)CNC(=O)[C@@H](N)Cc1cnc[nH]1)[C@@H](C)O)[C@@H](C)O)C(C)C)C(=O)N[C@@H](CCC(=O)O)C(=O)N[C@@H](Cc1c[nH]c2ccccc12)C(=O)N[C@@H](CC(C)C)C(=O)N[C@@H](CCCCN)C(=O)N[C@@H](CC(N)=O)C(=O)NCC(=O)NCC(=O)N1CCC[C@H]1C(=O)N[C@@H](CO)C(=O)N[C@@H](CO)C(=O)NCC(=O)N[C@@H](C)C(=O)N1CCC[C@H]1C(=O)N1CCC[C@H]1C(=O)N1CCC[C@H]1C(=O)N[C@@H](CO)C(N)=O
ODEVIXIBAT,6.468230267,CCCCC1(CCCC)CN(c2ccccc2)c2cc(SC)c(OCC(=O)N[C@@H](C(=O)N[C@@H](CC)C(=O)O)c3ccc(O)cc3)cc2S(=O)(=O)N1
ICATIBANT,6.440652246,N=C(N)NCCC[C@@H](N)C(=O)N[C@@H](CCCNC(=N)N)C(=O)N1CCC[C@H]1C(=O)N1C[C@H](O)C[C@H]1C(=O)NCC(=O)N[C@@H](Cc1cccs1)C(=O)N[C@@H](CO)C(=O)N1Cc2ccccc2C[C@@H]1C(=O)N1[C@H](C(=O)N[C@@H](CCCNC(=N)N)C(=O)O)C[C@@H]2CCCC[C@@H]21
TENAPANOR,6.406449719,CN1Cc2c(Cl)cc(Cl)cc2[C@H](c2cccc(S(=O)(=O)NCCOCCOCCNC(=O)NCCCCNC(=O)NCCOCCOCCNS(=O)(=O)c3cccc([C@@H]4CN(C)Cc5c(Cl)cc(Cl)cc54)c3)c2)C1
LINACLOTIDE,6.387954386,C[C@@H]1NC(=O)[C@@H]2CCCN2C(=O)[C@H](CC(N)=O)NC(=O)[C@@H]2CSSC[C@H](N)C(=O)N[C@H]3CSSC[C@H](NC1=O)C(=O)N[C@@H]([C@@H](C)O)C(=O)NCC(=O)N[C@H](C(=O)N[C@@H](Cc1ccc(O)cc1)C(=O)O)CSSC[C@H](NC(=O)[C@H](Cc1ccc(O)cc1)NC(=O)[C@H](CCC(=O)O)NC3=O)C(=O)N2
SITAGLIPTIN,6.301728944,N[C@@H](CC(=O)N1CCn2c(nnc2C(F)(F)F)C1)Cc1cc(F)c(F)cc1F
RESCINNAMINE,6.263942643,COC(=O)[C@H]1[C@H]2C[C@@H]3c4[nH]c5cc(OC)ccc5c4CCN3C[C@H]2C[C@@H](OC(=O)/C=C/c2cc(OC)c(OC)c(OC)c2)[C@@H]1OC
DILTIAZEM,6.254604441,COc1ccc([C@@H]2Sc3ccccc3N(CCN(C)C)C(=O)[C@@H]2OC(C)=O)cc1
FLUTICASONE FUROATE,6.215533759,C[C@@H]1C[C@H]2[C@@H]3C[C@H](F)C4=CC(=O)C=C[C@]4(C)[C@@]3(F)[C@@H](O)C[C@]2(C)[C@@]1(OC(=O)c1ccco1)C(=O)SCF
RIFAMPIN,6.186671167,CO[C@H]1/C=C/O[C@@]2(C)Oc3c(C)c(O)c4c(O)c(c(/C=N/N5CCN(C)CC5)c(O)c4c3C2=O)NC(=O)/C(C)=C\C=C\[C@H](C)[C@H](O)[C@@H](C)[C@@H](O)[C@@H](C)[C@H](OC(C)=O)[C@@H]1C
OXYTOCIN,6.185931784,CC[C@H](C)[C@@H]1NC(=O)[C@H](Cc2ccc(O)cc2)NC(=O)[C@@H](N)CSSC[C@@H](C(=O)N2CCC[C@H]2C(=O)N[C@@H](CC(C)C)C(=O)NCC(N)=O)NC(=O)[C@H](CC(N)=O)NC(=O)[C@H](CCC(N)=O)NC1=O
RIFAMYCIN,6.183431396,CO[C@H]1/C=C/O[C@@]2(C)Oc3c(C)c(O)c4c(O)c(cc(O)c4c3C2=O)NC(=O)/C(C)=C\C=C\[C@H](C)[C@H](O)[C@@H](C)[C@@H](O)[C@@H](C)[C@H](OC(C)=O)[C@@H]1C
TENELIGLIPTIN,6.151576258,Cc1cc(N2CCN([C@@H]3CN[C@H](C(=O)N4CCSC4)C3)CC2)n(-c2ccccc2)n1
RIFAPENTINE,6.106180449,CO[C@H]1/C=C/O[C@@]2(C)Oc3c(C)c(O)c4c(O)c(c(/C=N/N5CCN(C6CCCC6)CC5)c(O)c4c3C2=O)NC(=O)/C(C)=C\C=C\[C@H](C)[C@H](O)[C@@H](C)[C@@H](O)[C@@H](C)[C@H](OC(C)=O)[C@@H]1C
NALDEMEDINE,6.104515008,CC(C)(NC(=O)C1=C(O)[C@@H]2Oc3c(O)ccc4c3[C@@]23CCN(CC2CC2)[C@H](C4)[C@]3(O)C1)c1nc(-c2ccccc2)no1
IBUDILAST,6.090477913,CC(C)C(=O)c1c(C(C)C)nn2ccccc12
HYDROCODONE BITARTRATE,6.078406692,COc1ccc2c3c1O[C@H]1C(=O)CC[C@H]4[C@@H](C2)N(C)CC[C@]314.O.O.O=C(O)C(O)C(O)C(=O)O
HYDROMORPHONE HYDROCHLORIDE,6.072736528,CN1CC[C@]23c4c5ccc(O)c4O[C@H]2C(=O)CC[C@H]3[C@H]1C5.Cl
MEBEVERINE,6.069312567,CCN(CCCCOC(=O)c1ccc(OC)c(OC)c1)C(C)Cc1ccc(OC)cc1
PLECANATIDE,6.044925308,CC(C)C[C@H](NC(=O)[C@@H]1CSSC[C@@H]2NC(=O)[C@H](CC(C)C)NC(=O)[C@H](CCC(=O)O)NC(=O)[C@@H](NC(=O)[C@H](CCC(=O)O)NC(=O)[C@H](CC(=O)O)NC(=O)[C@@H](N)CC(N)=O)CSSC[C@H](NC(=O)[C@H](C)NC(=O)[C@H](C(C)C)NC(=O)[C@H](CC(N)=O)NC(=O)[C@H](C(C)C)NC2=O)C(=O)N[C@@H]([C@@H](C)O)C(=O)NCC(=O)N1)C(=O)O
ZOPICLONE,6.029368969,CN1CCN(C(=O)OC2c3nccnc3C(=O)N2c2ccc(Cl)cn2)CC1
ESZOPICLONE,6.029368969,CN1CCN(C(=O)O[C@H]2c3nccnc3C(=O)N2c2ccc(Cl)cn2)CC1
HYDRALAZINE,6.027096885,NNc1nncc2ccccc12
ELIGLUSTAT,6.012526996,CCCCCCCC(=O)N[C@H](CN1CCCC1)[C@H](O)c1ccc2c(c1)OCCO2
METHYLNALTREXONE,5.999420374,C[N+]1(CC2CC2)CC[C@]23c4c5ccc(O)c4O[C@H]2C(=O)CC[C@@]3(O)[C@H]1C5
NALTREXONE,5.999420374,O=C1CC[C@@]2(O)[C@H]3Cc4ccc(O)c5c4[C@@]2(CCN3CC2CC2)[C@H]1O5
DEXTROMETHORPHAN,5.981773579,COc1ccc2c(c1)[C@]13CCCC[C@@H]1[C@H](C2)N(C)CC3
EVOGLIPTIN,5.980171758,CC(C)(C)OC[C@@H]1C(=O)NCCN1C(=O)C[C@H](N)Cc1cc(F)c(F)cc1F
RIMONABANT,5.974543724,Cc1c(C(=O)NN2CCCCC2)nn(-c2ccc(Cl)cc2Cl)c1-c1ccc(Cl)cc1
CLEBOPRIDE,5.964908249,COc1cc(N)c(Cl)cc1C(=O)NC1CCN(Cc2ccccc2)CC1
OXYCODONE,5.959268446,COc1ccc2c3c1O[C@H]1C(=O)CC[C@@]4(O)[C@@H](C2)N(C)CC[C@]314
OXYCODONE HYDROCHLORIDE,5.914532738,COc1ccc2c3c1O[C@H]1C(=O)CC[C@@]4(O)[C@@H](C2)N(C)CC[C@]314.Cl
NALOXONE,5.900722839,C=CCN1CC[C@]23c4c5ccc(O)c4O[C@H]2C(=O)CC[C@@]3(O)[C@H]1C5
RIFABUTIN,5.899110844,CO[C@H]1/C=C/O[C@@]2(C)Oc3c(C)c(O)c4c(c3C2=O)C2=NC3(CCN(CC(C)C)CC3)NC2=C(NC(=O)/C(C)=C\C=C\[C@H](C)[C@H](O)[C@@H](C)[C@@H](O)[C@@H](C)[C@H](OC(C)=O)[C@@H]1C)C4=O
PINAVERIUM,5.898495272,COc1cc(Br)c(C[N+]2(CCOCCC3CCC4CC3C4(C)C)CCOCC2)cc1OC
FORMOTEROL,5.896083291,COc1ccc(CC(C)NCC(O)c2ccc(O)c(NC=O)c2)cc1
PRANLUKAST,5.874221503,O=C(Nc1cccc2c(=O)cc(-c3nnn[nH]3)oc12)c1ccc(OCCCCc2ccccc2)cc1
NALOXEGOL,5.871246871,C=CCN1CC[C@]23c4c5ccc(O)c4O[C@H]2[C@@H](OCCOCCOCCOCCOCCOCCOCCOC)CC[C@@]3(O)[C@H]1C5
NEOSTIGMINE,5.861096663,CN(C)C(=O)Oc1cccc([N+](C)(C)C)c1
TETRABENAZINE,5.859330828,COc1cc2c(cc1OC)C1CC(=O)C(CC(C)C)CN1CC2
DUTASTERIDE,5.854639579,C[C@]12C=CC(=O)N[C@@H]1CC[C@@H]1[C@@H]2CC[C@]2(C)[C@@H](C(=O)Nc3cc(C(F)(F)F)ccc3C(F)(F)F)CC[C@@H]12
MARALIXIBAT,5.842494678,CCCCC1(CCCC)CS(=O)(=O)c2ccc(N(C)C)cc2[C@@H](c2ccc(OCc3ccc(C[N+]45CCN(CC4)CC5)cc3)cc2)[C@H]1O
FENTANYL,5.834870306,CCC(=O)N(c1ccccc1)C1CCN(CCc2ccccc2)CC1
BUPRENORPHINE,5.833220497,CO[C@@]12CC[C@@]3(C[C@@H]1[C@](C)(O)C(C)(C)C)[C@H]1Cc4ccc(O)c5c4[C@@]3(CCN1CC1CC1)[C@H]2O5
DONEPEZIL,5.816196183,COc1cc2c(cc1OC)C(=O)C(CC1CCN(Cc3ccccc3)CC1)C2
ROTIGOTINE,5.801050444,CCCN(CCc1cccs1)[C@H]1CCc2c(O)cccc2C1
SILDENAFIL,5.787453724,CCCc1nn(C)c2c(=O)[nH]c(-c3cc(S(=O)(=O)N4CCN(C)CC4)ccc3OCC)nc12
ROPINIROLE,5.784627527,CCCN(CCC)CCc1cccc2c1CC(=O)N2
AMBENONIUM,5.782917126,CC[N+](CC)(CCNC(=O)C(=O)NCC[N+](CC)(CC)Cc1ccccc1Cl)Cc1ccccc1Cl
METOCLOPRAMIDE,5.778468144,CCN(CC)CCNC(=O)c1cc(Cl)c(N)cc1OC
SAXAGLIPTIN ANHYDROUS,5.76992495,N#C[C@@H]1C[C@@H]2C[C@@H]2N1C(=O)[C@@H](N)C12CC3CC(CC(O)(C3)C1)C2
ROSIGLITAZONE,5.765667859,CN(CCOc1ccc(CC2SC(=O)NC2=O)cc1)c1ccccn1
BUTORPHANOL TARTRATE,5.764850397,O=C(O)C(O)C(O)C(=O)O.Oc1ccc2c(c1)[C@@]13CCCC[C@@]1(O)[C@@H](C2)N(CC1CCC1)CC3
VILDAGLIPTIN,5.759925497,N#C[C@@H]1CCCN1C(=O)CNC12CC3CC(CC(O)(C3)C1)C2
PRAMIPEXOLE,5.757461859,CCCN[C@H]1CCc2nc(N)sc2C1
PROGLUMIDE,5.757098361,CCCN(CCC)C(=O)C(CCC(=O)O)NC(=O)c1ccccc1
REPAGLINIDE,5.748579531,CCOc1cc(CC(=O)N[C@@H](CC(C)C)c2ccccc2N2CCCCC2)ccc1C(=O)O
EMPAGLIFLOZIN,5.746374272,OC[C@H]1O[C@@H](c2ccc(Cl)c(Cc3ccc(O[C@H]4CCOC4)cc3)c2)[C@H](O)[C@@H](O)[C@@H]1O
FLUTICASONE PROPIONATE,5.733280087,CCC(=O)O[C@]1(C(=O)SCF)[C@H](C)C[C@H]2[C@@H]3C[C@H](F)C4=CC(=O)C=C[C@]4(C)[C@@]3(F)[C@@H](O)C[C@@]21C
MOMETASONE FUROATE,5.732777028,C[C@@H]1C[C@H]2[C@@H]3CCC4=CC(=O)C=C[C@]4(C)[C@@]3(Cl)[C@@H](O)C[C@]2(C)[C@@]1(OC(=O)c1ccco1)C(=O)CCl
ROFLUMILAST,5.715556625,O=C(Nc1c(Cl)cncc1Cl)c1ccc(OC(F)F)c(OCC2CC2)c1
DIACETYLMORPHINE,5.709244316,CC(=O)Oc1ccc2c3c1O[C@H]1[C@@H](OC(C)=O)C=C[C@H]4[C@@H](C2)N(C)CC[C@@]341
OXYPHENISATINE,5.708014038,O=C1Nc2ccccc2C1(c1ccc(O)cc1)c1ccc(O)cc1
FLUMAZENIL,5.700243908,CCOC(=O)c1ncn2c1CN(C)C(=O)c1cc(F)ccc1-2
GLIQUIDONE,5.696815556,COc1ccc2c(c1)C(=O)N(CCc1ccc(S(=O)(=O)NC(=O)NC3CCCCC3)cc1)C(=O)C2(C)C
INDACATEROL,5.696299098,CCc1cc2c(cc1CC)CC(NC[C@H](O)c1ccc(O)c3[nH]c(=O)ccc13)C2
TROGLITAZONE,5.695393846,Cc1c(C)c2c(c(C)c1O)CCC(C)(COc1ccc(CC3SC(=O)NC3=O)cc1)O2
ERTUGLIFLOZIN,5.671662948,CCOc1ccc(Cc2cc([C@]34OC[C@](CO)(O3)[C@@H](O)[C@H](O)[C@H]4O)ccc2Cl)cc1
OXYPHENCYCLIMINE,5.665405439,CN1CCCN=C1COC(=O)C(O)(c1ccccc1)C1CCCCC1
DIACETYLMORPHINE HYDROCHLORIDE,5.664508608,CC(=O)Oc1ccc2c3c1O[C@H]1[C@@H](OC(C)=O)C=C[C@H]4[C@@H](C2)N(C)CC[C@@]341.Cl
LEVETIRACETAM,5.659595342,CC[C@@H](C(N)=O)N1CCCC1=O
CABERGOLINE,5.658091385,C=CCN1C[C@H](C(=O)N(CCCN(C)C)C(=O)NCC)C[C@@H]2c3cccc4[nH]cc(c34)C[C@H]21
EDARAVONE,5.648811292,CC1=NN(c2ccccc2)C(=O)C1
BEDAQUILINE,5.648684996,COc1nc2ccc(Br)cc2cc1[C@@H](c1ccccc1)[C@@](O)(CCN(C)C)c1cccc2ccccc12
SOTAGLIFLOZIN,5.639076918,CCOc1ccc(Cc2cc([C@@H]3O[C@H](SC)[C@@H](O)[C@H](O)[C@H]3O)ccc2Cl)cc1
ESCITALOPRAM,5.629077479,CN(C)CCC[C@@]1(c2ccc(F)cc2)OCc2cc(C#N)ccc21
SAFINAMIDE,5.627591755,C[C@H](NCc1ccc(OCc2cccc(F)c2)cc1)C(N)=O
PRUCALOPRIDE,5.615844963,COCCCN1CCC(NC(=O)c2cc(Cl)c(N)c3c2OCC3)CC1
ACLIDINIUM,5.595851745,O=C(O[C@H]1C[N+]2(CCCOc3ccccc3)CCC1CC2)C(O)(c1cccs1)c1cccs1
RISDIPLAM,5.594571736,Cc1cn2nc(-c3cc(=O)n4cc(N5CCNC6(CC6)C5)ccc4n3)cc(C)c2n1
DAPAGLIFLOZIN,5.591070031,CCOc1ccc(Cc2cc([C@@H]3O[C@H](CO)[C@@H](O)[C@H](O)[C@H]3O)ccc2Cl)cc1
MIRABEGRON,5.588605542,Nc1nc(CC(=O)Nc2ccc(CCNC[C@H](O)c3ccccc3)cc2)cs1
LISDEXAMFETAMINE DIMESYLATE,5.584360027,CS(=O)(=O)O.CS(=O)(=O)O.C[C@@H](Cc1ccccc1)NC(=O)[C@@H](N)CCCCN
FOLIC ACID,5.581775362,Nc1nc(=O)c2nc(CNc3ccc(C(=O)N[C@@H](CCC(=O)O)C(=O)O)cc3)cnc2[nH]1
CODEINE PHOSPHATE,5.580842133,COc1ccc2c3c1O[C@H]1[C@@H](O)C=C[C@H]4[C@@H](C2)N(C)CC[C@@]341.O.O=P(O)(O)O
NATEGLINIDE,5.573138926,CC(C)[C@H]1CC[C@H](C(=O)N[C@H](Cc2ccccc2)C(=O)O)CC1
KETAMINE,5.56786901,CNC1(c2ccccc2Cl)CCCCC1=O
CAPREOMYCIN,5.555105867,C[C@@H]1NC(=O)[C@@H](N)CNC(=O)[C@H](C2CCNC(=N)N2)NC(=O)/C(=C/NC(N)=O)NC(=O)[C@H](CNC(=O)CC(N)CCCN)NC1=O.N=C1NCCC([C@@H]2NC(=O)/C(=C/NC(N)=O)NC(=O)[C@H](CNC(=O)CC(N)CCCN)NC(=O)[C@H](CO)NC(=O)[C@@H](N)CNC2=O)N1
YOHIMBINE,5.554760456,COC(=O)[C@@H]1[C@H]2C[C@H]3c4[nH]c5ccccc5c4CCN3C[C@@H]2CC[C@@H]1O
DELAMANID,5.550886348,C[C@]1(COc2ccc(N3CCC(Oc4ccc(OC(F)(F)F)cc4)CC3)cc2)Cn2cc([N+](=O)[O-])nc2O1
NALMEFENE,5.548779841,C=C1CC[C@@]2(O)[C@H]3Cc4ccc(O)c5c4[C@@]2(CCN3CC2CC2)[C@H]1O5
ZIPRASIDONE,5.548515602,O=C1Cc2cc(CCN3CCN(c4nsc5ccccc45)CC3)c(Cl)cc2N1
LASMIDITAN,5.54190795,CN1CCC(C(=O)c2cccc(NC(=O)c3c(F)cc(F)cc3F)n2)CC1
TAMSULOSIN,5.53739301,CCOc1ccccc1OCCN[C@H](C)Cc1ccc(OC)c(S(N)(=O)=O)c1
DIAZEPAM,5.529634208,CN1C(=O)CN=C(c2ccccc2)c2cc(Cl)ccc21
ALOSETRON,5.526943922,Cc1[nH]cnc1CN1CCc2c(c3ccccc3n2C)C1=O
ALVIMOPAN,5.526700071,C[C@H]1CN(C[C@H](Cc2ccccc2)C(=O)NCC(=O)O)CC[C@@]1(C)c1cccc(O)c1
DICYCLOMINE,5.518023448,CCN(CC)CCOC(=O)C1(C2CCCCC2)CCCCC1
RAMELTEON,5.513287546,CCC(=O)NCC[C@@H]1CCc2ccc3c(c21)CCO3
MYCOPHENOLATE MOFETIL,5.501657668,COc1c(C)c2c(c(O)c1C/C=C(\C)CCC(=O)OCCN1CCOCC1)C(=O)OC2
GLUTETHIMIDE,5.481844241,CCC1(c2ccccc2)CCC(=O)NC1=O
BENZTROPINE,5.47556506,CN1[C@@H]2CC[C@H]1C[C@@H](OC(c1ccccc1)c1ccccc1)C2
TEGASEROD,5.46893803,CCCCCNC(=N)N/N=C/c1c[nH]c2ccc(OC)cc12
FLURAZEPAM,5.462446873,CCN(CC)CCN1C(=O)CN=C(c2ccccc2F)c2cc(Cl)ccc21
RILUZOLE,5.460132713,Nc1nc2ccc(OC(F)(F)F)cc2s1
OXYPHENONIUM,5.455438086,CC[N+](C)(CC)CCOC(=O)C(O)(c1ccccc1)C1CCCCC1
REVEFENACIN,5.449897197,CN(CCN1CCC(OC(=O)Nc2ccccc2-c2ccccc2)CC1)C(=O)c1ccc(CN2CCC(C(N)=O)CC2)cc1
BUTALBITAL,5.447020841,C=CCC1(CC(C)C)C(=O)NC(=O)NC1=O
METHOXYPHENAMINE,5.445564387,CNC(C)Cc1ccccc1OC
SECOBARBITAL,5.439849804,C=CCC1(C(C)CCC)C(=O)NC(=O)NC1=O
BUTABARBITAL,5.43945455,CCC(C)C1(CC)C(=O)NC(=O)NC1=O
PROPIVERINE,5.438539036,CCCOC(C(=O)OC1CCN(C)CC1)(c1ccccc1)c1ccccc1
ALFUZOSIN,5.435606724,COc1cc2nc(N(C)CCCNC(=O)C3CCCO3)nc(N)c2cc1OC
TILUDRONIC ACID,5.435428832,O=P(O)(O)C(Sc1ccc(Cl)cc1)P(=O)(O)O
PENTOBARBITAL,5.432283513,CCCC(C)C1(CC)C(=O)NC(=O)NC1=O
TROSPIUM,5.430053388,O=C(O[C@H]1C[C@H]2CC[C@@H](C1)[N+]21CCCC1)C(O)(c1ccccc1)c1ccccc1
RIVASTIGMINE,5.429678787,CCN(C)C(=O)Oc1cccc([C@H](C)N(C)C)c1
SALMETEROL,5.42870129,OCc1cc(C(O)CNCCCCCCOCCCCc2ccccc2)ccc1O
GUANFACINE,5.424473846,N=C(N)NC(=O)Cc1c(Cl)cccc1Cl
LORAZEPAM,5.418836098,O=C1Nc2ccc(Cl)cc2C(c2ccccc2Cl)=NC1O
MIRTAZAPINE,5.409407165,CN1CCN2c3ncccc3Cc3ccccc3C2C1
CORTISONE ACETATE,5.408697599,CC(=O)OCC(=O)[C@@]1(O)CC[C@H]2[C@@H]3CCC4=CC(=O)CC[C@]4(C)[C@H]3C(=O)C[C@@]21C
CANAGLIFLOZIN ANHYDROUS,5.406949905,Cc1ccc([C@@H]2O[C@H](CO)[C@@H](O)[C@H](O)[C@H]2O)cc1Cc1ccc(-c2ccc(F)cc2)s1
TIOTROPIUM,5.405431481,C[N+]1(C)[C@@H]2C[C@@H](OC(=O)C(O)(c3cccs3)c3cccs3)C[C@H]1[C@@H]1O[C@@H]12
FENSPIRIDE,5.397423022,O=C1NCC2(CCN(CCc3ccccc3)CC2)O1
DARIFENACIN,5.383496441,NC(=O)C(c1ccccc1)(c1ccccc1)[C@@H]1CCN(CCc2ccc3c(c2)CCO3)C1
CODEINE,5.38268815,COc1ccc2c3c1O[C@H]1[C@@H](O)C=C[C@H]4[C@@H](C2)N(C)CC[C@@]341
CLONIDINE,5.382000052,Clc1cccc(Cl)c1NC1=NCCN1
ETHOPROPAZINE,5.378830447,CCN(CC)C(C)CN1c2ccccc2Sc2ccccc21
BUPROPION,5.352590553,CC(NC(C)(C)C)C(=O)c1cccc(Cl)c1
CARBENOXOLONE,5.351754572,CC1(C)[C@@H](OC(=O)CCC(=O)O)CC[C@]2(C)[C@H]3C(=O)C=C4[C@@H]5C[C@@](C)(C(=O)O)CC[C@]5(C)CC[C@@]4(C)[C@]3(C)CC[C@@H]12
SERTRALINE,5.345027768,CN[C@H]1CC[C@@H](c2ccc(Cl)c(Cl)c2)c2ccccc21
PROMETHAZINE,5.341556721,CC(CN1c2ccccc2Sc2ccccc21)N(C)C
TERAZOSIN,5.340209372,COc1cc2nc(N3CCN(C(=O)C4CCCO4)CC3)nc(N)c2cc1OC
CODEINE SULFATE,5.330380925,COc1ccc2c3c1O[C@H]1[C@@H](O)C=C[C@H]4[C@@H](C2)N(C)CC[C@@]341.COc1ccc2c3c1O[C@H]1[C@@H](O)C=C[C@H]4[C@@H](C2)N(C)CC[C@@]341.O.O.O.O=S(=O)(O)O
METHYLHOMATROPINE,5.330295543,C[N+]1(C)[C@@H]2CC[C@H]1C[C@@H](OC(=O)C(O)c1ccccc1)C2
SOLIFENACIN,5.328352279,O=C(O[C@H]1CN2CCC1CC2)N1CCc2ccccc2[C@@H]1c1ccccc1
FENOTEROL,5.320765025,CC(Cc1ccc(O)cc1)NCC(O)c1cc(O)cc(O)c1
SILODOSIN,5.319115514,C[C@H](Cc1cc2c(c(C(N)=O)c1)N(CCCO)CC2)NCCOc1ccccc1OCC(F)(F)F
MOXISYLYTE,5.317713358,CC(=O)Oc1cc(C(C)C)c(OCCN(C)C)cc1C
LOFEXIDINE,5.316874157,CC(Oc1c(Cl)cccc1Cl)C1=NCCN1
PIOGLITAZONE,5.314249362,CCc1ccc(CCOc2ccc(CC3SC(=O)NC3=O)cc2)nc1
DOXAZOSIN,5.314000948,COc1cc2nc(N3CCN(C(=O)C4COc5ccccc5O4)CC3)nc(N)c2cc1OC
PRETOMANID,5.313009506,O=[N+]([O-])c1cn2c(n1)OC[C@@H](OCc1ccc(OC(F)(F)F)cc1)C2
LINAGLIPTIN,5.306815897,CC#CCn1c(N2CCC[C@@H](N)C2)nc2c1c(=O)n(Cc1nc(C)c3ccccc3n1)c(=O)n2C
TRIPELENNAMINE,5.302055508,CN(C)CCN(Cc1ccccc1)c1ccccn1
FINASTERIDE,5.293387384,CC(C)(C)NC(=O)[C@H]1CC[C@H]2[C@@H]3CC[C@H]4NC(=O)C=C[C@]4(C)[C@H]3CC[C@]12C
METHSCOPOLAMINE,5.285233118,C[N+]1(C)[C@@H]2C[C@@H](OC(=O)[C@H](CO)c3ccccc3)C[C@H]1[C@@H]1O[C@@H]12
BUTYLSCOPOLAMINE,5.285233118,CCCC[N+]1(C)[C@@H]2C[C@@H](OC(=O)[C@H](CO)c3ccccc3)C[C@H]1[C@@H]1O[C@@H]12
OXITROPIUM,5.285233118,CC[N+]1(C)[C@@H]2CC(OC(=O)[C@H](CO)c3ccccc3)C[C@H]1[C@@H]1O[C@@H]12
LEVOMETHADYL ACETATE,5.283224172,CC[C@H](OC(C)=O)C(C[C@H](C)N(C)C)(c1ccccc1)c1ccccc1
CHLORPROPAMIDE,5.280780014,CCCNC(=O)NS(=O)(=O)c1ccc(Cl)cc1
DRONABINOL,5.277090989,CCCCCc1cc(O)c2c(c1)OC(C)(C)[C@@H]1CCC(C)=C[C@@H]21
UMECLIDINIUM,5.276353376,OC(c1ccccc1)(c1ccccc1)C12CC[N+](CCOCc3ccccc3)(CC1)CC2
DOXYCYCLINE ANHYDROUS,5.266556869,C[C@H]1c2cccc(O)c2C(=O)C2=C(O)[C@]3(O)C(=O)C(C(N)=O)=C(O)[C@@H](N(C)C)[C@@H]3[C@@H](O)[C@@H]21
TIOPRONIN,5.262105339,CC(S)C(=O)NCC(=O)O
PIRENZEPINE,5.261537698,CN1CCN(CC(=O)N2c3ccccc3C(=O)Nc3cccnc32)CC1
IBANDRONIC ACID,5.260635783,CCCCCN(C)CCC(O)(P(=O)(O)O)P(=O)(O)O
ISOETHARINE,5.258561724,CCC(NC(C)C)C(O)c1ccc(O)c(O)c1
CEVIMELINE,5.258283425,CC1OC2(CS1)CN1CCC2CC1
PIRIBEDIL,5.251227152,c1cnc(N2CCN(Cc3ccc4c(c3)OCO4)CC2)nc1
DISTIGMINE,5.250401458,CN(CCCCCCN(C)C(=O)Oc1ccc[n+](C)c1)C(=O)Oc1ccc[n+](C)c1
RIMITEROL,5.249354554,Oc1ccc(C(O)C2CCCCN2)cc1O
METHYLPREDNISOLONE SODIUM SUCCINATE,5.247397739,C[C@H]1C[C@@H]2[C@H]([C@@H](O)C[C@@]3(C)[C@H]2CC[C@]3(O)C(=O)COC(=O)CCC(=O)[O-])[C@@]2(C)C=CC(=O)C=C12.[Na+]
ZOLEDRONIC ACID ANHYDROUS,5.246182358,O=P(O)(O)C(O)(Cn1ccnc1)P(=O)(O)O
PALOVAROTENE,5.244870794,CC1(C)CCC(C)(C)c2cc(Cn3cccn3)c(/C=C/c3ccc(C(=O)O)cc3)cc21
POLDINE,5.243401315,C[N+]1(C)CCCC1COC(=O)C(O)(c1ccccc1)c1ccccc1
PHENOLPHTHALEIN,5.241564672,O=C1OC(c2ccc(O)cc2)(c2ccc(O)cc2)c2ccccc21
IPRAGLIFLOZIN,5.239075192,OC[C@H]1O[C@@H](c2ccc(F)c(Cc3cc4ccccc4s3)c2)[C@H](O)[C@@H](O)[C@@H]1O
CLIDINIUM,5.227444728,C[N+]12CCC(CC1)C(OC(=O)C(O)(c1ccccc1)c1ccccc1)C2
RASAGILINE,5.220944819,C#CCN[C@@H]1CCc2ccccc21
ENTACAPONE,5.219423772,CCN(CC)C(=O)/C(C#N)=C/c1cc(O)c(O)c([N+](=O)[O-])c1
ALENDRONIC ACID,5.218166963,NCCCC(O)(P(=O)(O)O)P(=O)(O)O
BITOLTEROL,5.211924445,Cc1ccc(C(=O)Oc2ccc(C(O)CNC(C)(C)C)cc2OC(=O)c2ccc(C)cc2)cc1
METHIXENE,5.2063326,CN1CCCC(CC2c3ccccc3Sc3ccccc32)C1
METHYLATROPINE,5.200941617,C[N+]1(C)[C@@H]2CC[C@H]1C[C@@H](OC(=O)C(CO)c1ccccc1)C2
IPRATROPIUM,5.200941617,CC(C)[N+]1(C)[C@@H]2CC[C@H]1C[C@@H](OC(=O)C(CO)c1ccccc1)C2
ATROPINE,5.200941617,CN1[C@@H]2CC[C@H]1C[C@@H](OC(=O)C(CO)c1ccccc1)C2
PROPANTHELINE,5.2003333,CC(C)[N+](C)(CCOC(=O)C1c2ccccc2Oc2ccccc21)C(C)C
METHANTHELINE,5.2003333,CC[N+](C)(CC)CCOC(=O)C1c2ccccc2Oc2ccccc21
PIPERIDOLATE,5.197955723,CCN1CCCC(OC(=O)C(c2ccccc2)c2ccccc2)C1
OXYBUTYNIN,5.19416435,CCN(CC)CC#CCOC(=O)C(O)(c1ccccc1)C1CCCCC1
BUFORMIN,5.193140966,CCCCNC(=N)NC(=N)N
MEPENZOLATE,5.192295743,C[N+]1(C)CCCC(OC(=O)C(O)(c2ccccc2)c2ccccc2)C1
AVANAFIL,5.18587272,COc1ccc(CNc2nc(N3CCC[C@H]3CO)ncc2C(=O)NCc2ncccn2)cc1Cl
DANTROLENE SODIUM,5.183604495,O=C1CN(/N=C/c2ccc(-c3ccc([N+](=O)[O-])cc3)o2)C(=O)[N-]1.[Na+]
BETAMETHASONE,5.179109918,C[C@H]1C[C@H]2[C@@H]3CCC4=CC(=O)C=C[C@]4(C)[C@@]3(F)[C@@H](O)C[C@]2(C)[C@@]1(O)C(=O)CO
TOLBUTAMIDE,5.178466554,CCCCNC(=O)NS(=O)(=O)c1ccc(C)cc1
HEXOCYCLIUM,5.178233073,C[N+]1(C)CCN(CC(O)(c2ccccc2)C2CCCCC2)CC1
PROCYCLIDINE,5.173675746,OC(CCN1CCCC1)(c1ccccc1)C1CCCCC1
TRIHEXYPHENIDYL,5.173675746,OC(CCN1CCCCC1)(c1ccccc1)C1CCCCC1
METHYLPHENIDATE,5.173252831,COC(=O)C(c1ccccc1)C1CCCCN1
GLICLAZIDE,5.17249483,Cc1ccc(S(=O)(=O)NC(=O)NN2CC3CCCC3C2)cc1
HYDROCHLOROTHIAZIDE,5.167585887,NS(=O)(=O)c1cc2c(cc1Cl)NCNS2(=O)=O
PIPENZOLATE,5.164903079,CC[N+]1(C)CCCC(OC(=O)C(O)(c2ccccc2)c2ccccc2)C1
LORCASERIN,5.163985273,C[C@H]1CNCCc2ccc(Cl)cc21
EPINEPHRINE BITARTRATE,5.159018908,CNC[C@H](O)c1ccc(O)c(O)c1.O=C(O)C(O)C(O)C(=O)O
FESOTERODINE,5.157366116,CC(C)C(=O)Oc1ccc(CO)cc1[C@H](CCN(C(C)C)C(C)C)c1ccccc1
TRIAMCINOLONE,5.155184038,C[C@]12C=CC(=O)C=C1CC[C@H]1[C@@H]3C[C@@H](O)[C@](O)(C(=O)CO)[C@@]3(C)C[C@H](O)[C@@]12F
LUBIPROSTONE,5.138649643,CCCCC(F)(F)[C@@]1(O)CC[C@H]2[C@@H](CC(=O)[C@@H]2CCCCCCC(=O)O)O1
SELEGILINE,5.135694507,C#CCN(C)[C@H](C)Cc1ccccc1
NICOTINE,5.135327478,CN1CCC[C@H]1c1cccnc1
PERGOLIDE,5.130408672,CCCN1C[C@H](CSC)C[C@@H]2c3cccc4[nH]cc(c34)C[C@H]21
URSODIOL,5.123842122,C[C@H](CCC(=O)O)[C@H]1CC[C@H]2[C@@H]3[C@@H](O)C[C@@H]4C[C@H](O)CC[C@]4(C)[C@H]3CC[C@]12C
CANNABIDIOL,5.119594258,C=C(C)[C@@H]1CCC(C)=C[C@H]1c1c(O)cc(CCCCC)cc1O
TOLAZAMIDE,5.113429105,Cc1ccc(S(=O)(=O)NC(=O)NN2CCCCCC2)cc1
TULOBUTEROL,5.111622586,CC(C)(C)NCC(O)c1ccccc1Cl
PYRIDOSTIGMINE,5.109348799,CN(C)C(=O)Oc1ccc[n+](C)c1
LEVODOPA,5.108752076,N[C@@H](Cc1ccc(O)c(O)c1)C(=O)O
ACAMPROSATE,5.10844123,CC(=O)NCCCS(=O)(=O)O
ISOPROPAMIDE,5.106865229,CC(C)[N+](C)(CCC(C(N)=O)(c1ccccc1)c1ccccc1)C(C)C
TRIDIHEXETHYL,5.106008984,CC[N+](CC)(CC)CCC(O)(c1ccccc1)C1CCCCC1
TERODILINE,5.10558986,CC(CC(c1ccccc1)c1ccccc1)NC(C)(C)C
EMEPRONIUM,5.10558986,CC[N+](C)(C)C(C)CC(c1ccccc1)c1ccccc1
PILOCARPINE,5.104337572,CC[C@@H]1C(=O)OC[C@@H]1Cc1cncn1C
DIGOXIN,5.096741249,C[C@H]1O[C@@H](O[C@H]2[C@@H](O)C[C@H](O[C@H]3[C@@H](O)C[C@H](O[C@H]4CC[C@@]5(C)[C@H](CC[C@@H]6[C@@H]5C[C@@H](O)[C@]5(C)[C@@H](C7=CC(=O)OC7)CC[C@]65O)C4)O[C@@H]3C)O[C@@H]2C)C[C@H](O)[C@@H]1O
MOCLOBEMIDE,5.096530578,O=C(NCCN1CCOCC1)c1ccc(Cl)cc1
DOCUSATE,5.091108852,CCCCC(CC)COC(=O)CC(C(=O)OCC(CC)CCCC)S(=O)(=O)O
DANTHRON,5.090578077,O=C1c2cccc(O)c2C(=O)c2c(O)cccc21
TOLTERODINE,5.084976628,Cc1ccc(O)c([C@H](CCN(C(C)C)C(C)C)c2ccccc2)c1
ACETYLCYSTEINE,5.0842762,CC(=O)N[C@@H](CS)C(=O)O
BIPERIDEN,5.080478364,OC(CCN1CCCCC1)(c1ccccc1)C1CC2C=CC1C2
PREDNISONE,5.077571558,C[C@]12C=CC(=O)C=C1CC[C@@H]1[C@@H]2C(=O)C[C@@]2(C)[C@H]1CC[C@]2(O)C(=O)CO
CICLESONIDE,5.073488691,CC(C)C(=O)OCC(=O)[C@@]12O[C@H](C3CCCCC3)O[C@@H]1C[C@H]1[C@@H]3CCC4=CC(=O)C=C[C@]4(C)[C@H]3[C@@H](O)C[C@@]12C
PAMIDRONIC ACID,5.064928686,NCCC(O)(P(=O)(O)O)P(=O)(O)O
CLENBUTEROL,5.061875983,CC(C)(C)NCC(O)c1cc(Cl)c(N)c(Cl)c1
ISOMETHEPTENE,5.061547295,CNC(C)CCC=C(C)C
TERBUTALINE,5.056167015,CC(C)(C)NCC(O)c1cc(O)cc(O)c1
METAPROTERENOL,5.056167015,CC(C)NCC(O)c1cc(O)cc(O)c1
FLUNARIZINE,5.046051937,Fc1ccc(C(c2ccc(F)cc2)N2CCN(C/C=C/c3ccccc3)CC2)cc1
BECLOMETHASONE DIPROPIONATE,5.045925084,CCC(=O)OCC(=O)[C@@]1(OC(=O)CC)[C@@H](C)C[C@H]2[C@@H]3CCC4=CC(=O)C=C[C@]4(C)[C@@]3(Cl)[C@@H](O)C[C@@]21C
ACARBOSE,5.043128435,C[C@H]1O[C@H](O[C@H]2[C@H](O)[C@@H](O)[C@@H](O[C@H]3[C@H](O)[C@@H](O)[C@H](O)O[C@@H]3CO)O[C@@H]2CO)[C@H](O)[C@@H](O)[C@@H]1N[C@H]1C=C(CO)[C@@H](O)[C@H](O)[C@H]1O
GALANTAMINE,5.033243279,COc1ccc2c3c1O[C@H]1C[C@@H](O)C=C[C@@]31CCN(C)C2
ALVERINE,5.032269358,CCN(CCCc1ccccc1)CCCc1ccccc1
ISTRADEFYLLINE,5.030033922,CCn1c(=O)c2c(nc(/C=C/c3ccc(OC)c(OC)c3)n2C)n(CC)c1=O
CYCLOSERINE,5.028963825,N[C@@H]1CONC1=O
ETHAMBUTOL,5.018765284,CC[C@@H](CO)NCCN[C@@H](CC)CO
PIRBUTEROL,5.014003661,CC(C)(C)NCC(O)c1ccc(O)c(CO)n1
MISOPROSTOL,5.011244564,CCCCC(C)(O)C/C=C/[C@H]1[C@H](O)CC(=O)[C@@H]1CCCCCCC(=O)OC
REPROTEROL,5.010130558,Cn1c(=O)c2c(ncn2CCCNCC(O)c2cc(O)cc(O)c2)n(C)c1=O
BETHANECHOL,4.998345648,CC(C[N+](C)(C)C)OC(N)=O
GLIBORNURIDE,4.995596736,Cc1ccc(S(=O)(=O)NC(=O)N[C@H]2[C@H]3CC[C@@](C)([C@H]2O)C3(C)C)cc1
SULFISOXAZOLE,4.992681118,Cc1noc(NS(=O)(=O)c2ccc(N)cc2)c1C
MIDAZOLAM,4.992182736,Cc1ncc2n1-c1ccc(Cl)cc1C(c1ccccc1F)=NC2
LAMOTRIGINE,4.991584906,Nc1nnc(-c2cccc(Cl)c2Cl)c(N)n1
PHENTERMINE,4.989848053,CC(C)(N)Cc1ccccc1
FLUNISOLIDE,4.989211603,CC1(C)O[C@@H]2C[C@H]3[C@@H]4C[C@H](F)C5=CC(=O)C=C[C@]5(C)[C@H]4[C@@H](O)C[C@]3(C)[C@]2(C(=O)CO)O1
METAPROTERENOL SULFATE,4.988445294,CC(C)NCC(O)c1cc(O)cc(O)c1.CC(C)NCC(O)c1cc(O)cc(O)c1.O=S(=O)(O)O
ISONIAZID,4.984224923,NNC(=O)c1ccncc1
DIFEMERINE,4.98234188,CN(C)CC(C)(C)OC(=O)C(O)(c1ccccc1)c1ccccc1
PREDNISOLONE,4.973329229,C[C@]12C=CC(=O)C=C1CC[C@@H]1[C@@H]2[C@@H](O)C[C@@]2(C)[C@H]1CC[C@]2(O)C(=O)CO
ORPHENADRINE,4.972855798,Cc1ccccc1C(OCCN(C)C)c1ccccc1
RANITIDINE,4.963258166,CNC(=C[N+](=O)[O-])NCCSCc1ccc(CN(C)C)o1
VARDENAFIL,4.962434875,CCCc1nc(C)c2c(=O)nc(-c3cc(S(=O)(=O)N4CCN(CC)CC4)ccc3OCC)[nH]n12
ETIDRONIC ACID,4.960124788,CC(O)(P(=O)(O)O)P(=O)(O)O
BUDESONIDE,4.957161071,CCCC1O[C@@H]2C[C@H]3[C@@H]4CCC5=CC(=O)C=C[C@]5(C)[C@H]4[C@@H](O)C[C@]3(C)[C@]2(C(=O)CO)O1
GABAPENTIN,4.951204161,NCC1(CC(=O)O)CCCCC1
RISEDRONIC ACID,4.950935608,O=P(O)(O)C(O)(Cc1cccnc1)P(=O)(O)O
BENFLUOREX,4.94937468,CC(Cc1cccc(C(F)(F)F)c1)NCCOC(=O)c1ccccc1
VOGLIBOSE,4.946000373,OCC(CO)N[C@H]1C[C@](O)(CO)[C@@H](O)[C@H](O)[C@H]1O
CARBAMOYLCHOLINE,4.943791472,C[N+](C)(C)CCOC(N)=O
PHENFORMIN,4.940851232,N=C(N)NC(=N)NCCc1ccccc1
DIPHENOXYLATE,4.938706871,CCOC(=O)C1(c2ccccc2)CCN(CCC(C#N)(c2ccccc2)c2ccccc2)CC1
MIGLITOL,4.937335781,OCCN1C[C@H](O)[C@@H](O)[C@H](O)[C@H]1CO
RANELIC ACID,4.935904125,N#Cc1c(N(CC(=O)O)CC(=O)O)sc(C(=O)O)c1CC(=O)O
MEPROBAMATE,4.935105101,CCCC(C)(COC(N)=O)COC(N)=O
MEMANTINE,4.931181904,CC12CC3CC(C)(C1)CC(N)(C3)C2
AMANTADINE,4.931181904,NC12CC3CC(CC(C3)C1)C2
QUETIAPINE,4.929023443,OCCOCCN1CCN(C2=Nc3ccccc3Sc3ccccc32)CC1
MEPERIDINE HYDROCHLORIDE,4.928689811,CCOC(=O)C1(c2ccccc2)CCN(C)CC1.Cl
ISOPROTERENOL,4.926677832,CC(C)NCC(O)c1ccc(O)c(O)c1
PYRAZINAMIDE,4.909436718,NC(=O)c1cnccn1
SUCRALFATE,4.908515618,O=S(=O)(OC[C@H]1O[C@@H](O[C@]2(COS(=O)(=O)O[Al](O)O)O[C@H](OS(=O)(=O)O[Al](O)O)[C@@H](OS(=O)(=O)O[Al](O)O)[C@@H]2OS(=O)(=O)O[Al](O)O)[C@H](OS(=O)(=O)O[Al](O)O)[C@@H](OS(=O)(=O)O[Al](O)O)[C@@H]1OS(=O)(=O)O[Al](O)O)O[Al](O)O.O[Al](O)O.O[Al](O)O.O[Al](O)O.O[Al](O)O.O[Al](O)O.O[Al](O)O.O[Al](O)O.O[Al](O)O
SODIUM FLUORIDE,4.908039734,[F-].[Na+]
ALBUTEROL,4.908038561,CC(C)(C)NCC(O)c1ccc(O)c(CO)c1
METFORMIN,4.907436866,CN(C)C(=N)NC(=N)N
GLYCINE,4.901618022,NCC(=O)O
SULFOXONE,4.898950724,O=S(O)CNc1ccc(S(=O)(=O)c2ccc(NCS(=O)O)cc2)cc1
ZILEUTON,4.894435463,CC(c1cc2ccccc2s1)N(O)C(N)=O
GLIMEPIRIDE,4.89337806,CCC1=C(C)CN(C(=O)NCCc2ccc(S(=O)(=O)NC(=O)N[C@H]3CC[C@H](C)CC3)cc2)C1=O
FENOPROFEN,4.875111883,CC(C(=O)O)c1cccc(Oc2ccccc2)c1
OXYBATE,4.861531575,O=C(O)CCCO
METHADONE,4.857725711,CCC(=O)C(CC(C)N(C)C)(c1ccccc1)c1ccccc1
ACETOHEXAMIDE,4.855264215,CC(=O)c1ccc(S(=O)(=O)NC(=O)NC2CCCCC2)cc1
DIPHENHYDRAMINE,4.847542165,CN(C)CCOC(c1ccccc1)c1ccccc1
HYDROTALCITE,4.847238442,O=C([O-])[O-].[Al+3].[Al+3].[Mg+2].[Mg+2].[Mg+2].[Mg+2].[Mg+2].[Mg+2].[OH-].[OH-].[OH-].[OH-].[OH-].[OH-].[OH-].[OH-].[OH-].[OH-].[OH-].[OH-].[OH-].[OH-].[OH-].[OH-]
PIRFENIDONE,4.838892347,Cc1ccc(=O)n(-c2ccccc2)c1
MOXIFLOXACIN,4.831916333,COc1c(N2C[C@@H]3CCCN[C@@H]3C2)c(F)cc2c(=O)c(C(=O)O)cn(C3CC3)c12
LACTULOSE,4.828973022,OC[C@H]1O[C@@H](O[C@@H]2[C@@H](CO)O[C@](O)(CO)[C@H]2O)[C@H](O)[C@@H](O)[C@H]1O
DIAZOXIDE,4.823223967,CC1=Nc2ccc(Cl)cc2S(=O)(=O)N1
DISULFIRAM,4.821629762,CCN(CC)C(=S)SSC(=S)N(CC)CC
MAGALDRATE,4.814366902,O=S(=O)([O-])[O-].O=S(=O)([O-])[O-].[Al+3].[Al+3].[Al+3].[Al+3].[Al+3].[Mg+2].[Mg+2].[Mg+2].[Mg+2].[Mg+2].[Mg+2].[Mg+2].[Mg+2].[Mg+2].[Mg+2].[OH-].[OH-].[OH-].[OH-].[OH-].[OH-].[OH-].[OH-].[OH-].[OH-].[OH-].[OH-].[OH-].[OH-].[OH-].[OH-].[OH-].[OH-].[OH-].[OH-].[OH-].[OH-].[OH-].[OH-].[OH-].[OH-].[OH-].[OH-].[OH-].[OH-].[OH-]
METHADONE HYDROCHLORIDE,4.812990003,CCC(=O)C(CC(C)N(C)C)(c1ccccc1)c1ccccc1.Cl
LACTITOL,4.810737535,OC[C@@H](O)[C@@H](O[C@@H]1O[C@H](CO)[C@H](O)[C@H](O)[C@H]1O)[C@H](O)[C@@H](O)CO
ATALUREN,4.809359494,O=C(O)c1cccc(-c2noc(-c3ccccc3F)n2)c1
SILICATE,4.807959986,O=[Si](O)O
TAFAMIDIS,4.802278797,O=C(O)c1ccc2nc(-c3cc(Cl)cc(Cl)c3)oc2c1
AMLEXANOX,4.795771615,CC(C)c1ccc2oc3nc(N)c(C(=O)O)cc3c(=O)c2c1
TRISILICATE,4.795767972,O=[Si](O)O[Si](O)(O)O[Si](=O)O
INDOMETHACIN,4.791562417,COc1ccc2c(c1)c(CC(=O)O)c(C)n2C(=O)c1ccc(Cl)cc1
CYPROHEPTADINE,4.791408014,CN1CCC(=C2c3ccccc3C=Cc3ccccc32)CC1
NIACIN,4.782468314,O=C(O)c1cccnc1
DIETHYLSTILBESTROL,4.779934366,CC/C(=C(/CC)c1ccc(O)cc1)c1ccc(O)cc1
ISRADIPINE,4.773885259,COC(=O)C1=C(C)NC(C)=C(C(=O)OC(C)C)C1c1cccc2nonc12
TACRINE,4.768985387,Nc1c2c(nc3ccccc13)CCCC2
CINNARIZINE,4.765667223,C(=C/c1ccccc1)\CN1CCN(C(c2ccccc2)c2ccccc2)CC1
TOLCAPONE,4.755823238,Cc1ccc(C(=O)c2cc(O)c(O)c([N+](=O)[O-])c2)cc1
ACEFYLLINE,4.750420813,Cn1c(=O)c2c(ncn2CC(=O)O)n(C)c1=O
PROPYLTHIOURACIL,4.735371461,CCCc1cc(=O)[nH]c(=S)[nH]1
DAPSONE,4.732553417,Nc1ccc(S(=O)(=O)c2ccc(N)cc2)cc1
REMIMAZOLAM,4.731976397,COC(=O)CC[C@@H]1N=C(c2ccccn2)c2cc(Br)ccc2-n2c(C)cnc21
PAPAVERINE,4.723393354,COc1ccc(Cc2nccc3cc(OC)c(OC)cc23)cc1OC
BETAHISTINE,4.71587211,CNCCc1ccccn1
AMITRIPTYLINE,4.714531046,CN(C)CCC=C1c2ccccc2CCc2ccccc21
DIMENHYDRINATE,4.712455013,CN(C)CCOC(c1ccccc1)c1ccccc1.Cn1c(=O)c2[nH]c(Cl)nc2n(C)c1=O
PICOSULFURIC ACID,4.711697929,O=S(=O)(O)Oc1ccc(C(c2ccc(OS(=O)(=O)O)cc2)c2ccccn2)cc1
MONTELUKAST,4.709465842,CC(C)(O)c1ccccc1CC[C@@H](SCC1(CC(=O)O)CC1)c1cccc(/C=C/c2ccc3ccc(Cl)cc3n2)c1
NEDOCROMIL,4.704222648,CCCc1c2oc(C(=O)O)cc(=O)c2cc2c(=O)cc(C(=O)O)n(CC)c12
TRIPROLIDINE,4.691144974,Cc1ccc(/C(=C\CN2CCCC2)c2ccccn2)cc1
DALFAMPRIDINE,4.690181032,Nc1ccncc1
NIZATIDINE,4.676405876,CNC(=C[N+](=O)[O-])NCCSCc1csc(CN(C)C)n1
CHLORPHENIRAMINE,4.667814029,CN(C)CCC(c1ccc(Cl)cc1)c1ccccn1
FLUDEOXYGLUCOSE,4.660939669,OC[C@H]1O[C@H](O)[C@H](F)[C@@H](O)[C@@H]1O
SERATRODAST,4.654441556,CC1=C(C)C(=O)C(C(CCCCCC(=O)O)c2ccccc2)=C(C)C1=O
PANTOPRAZOLE,4.653955639,COc1ccnc(C[S+]([O-])c2nc3cc(OC(F)F)ccc3[nH]2)c1OC
DIPHEMANIL,4.650479765,C[N+]1(C)CCC(=C(c2ccccc2)c2ccccc2)CC1
FLAVOXATE,4.615179645,Cc1c(-c2ccccc2)oc2c(C(=O)OCCN3CCCCC3)cccc2c1=O
HYDROXYZINE,4.611806918,OCCOCCN1CCN(C(c2ccccc2)c2ccc(Cl)cc2)CC1
CHLORDIAZEPOXIDE,4.584870415,CNC1=Nc2ccc(Cl)cc2C(c2ccccc2)=[N+]([O-])C1
BISACODYL,4.546295141,CC(=O)Oc1ccc(C(c2ccc(OC(C)=O)cc2)c2ccccn2)cc1
ZOLPIDEM,4.540444024,Cc1ccc(-c2nc3ccc(C)cn3c2CC(=O)N(C)C)cc1
GLYMIDINE,4.523216973,COCCOc1cnc(NS(=O)(=O)c2ccccc2)nc1
CIMETIDINE,4.514367114,CN/C(=N\CCSCc1nc[nH]c1C)NC#N
OMEPRAZOLE,4.510065494,COc1ccc2[nH]c([S+]([O-])Cc3ncc(C)c(OC)c3C)nc2c1
METRONIDAZOLE,4.507453319,Cc1ncc([N+](=O)[O-])n1CCO
PROXYPHYLLINE,4.490634516,CC(O)Cn1cnc2c1c(=O)n(C)c(=O)n2C
FAMOTIDINE,4.484851617,NC(N)=Nc1nc(CSCC/C(N)=N/S(N)(=O)=O)cs1
MODAFINIL,4.474704541,NC(=O)C[S+]([O-])C(c1ccccc1)c1ccccc1
DYPHYLLINE,4.466437026,Cn1c(=O)c2c(ncn2CC(O)CO)n(C)c1=O
CLOFAZIMINE,4.425544487,CC(C)/N=c1\cc2n(-c3ccc(Cl)cc3)c3ccccc3nc-2cc1Nc1ccc(Cl)cc1
LANSOPRAZOLE,4.41937495,Cc1c(OCC(F)(F)F)ccnc1C[S+]([O-])c1nc2ccccc2[nH]1
CAFFEINE,4.404924709,Cn1c(=O)c2c(ncn2C)n(C)c1=O
OLANZAPINE,4.361243945,Cc1cc2c(s1)Nc1ccccc1N=C2N1CCN(C)CC1
PROTIONAMIDE,4.351586881,CCCc1cc(C(N)=S)ccn1
CROMOLYN,4.304234594,O=C(O)c1cc(=O)c2c(OCC(O)COc3cccc4oc(C(=O)O)cc(=O)c34)cccc2o1
ETHIONAMIDE,4.299099027,CCc1cc(C(N)=S)ccn1
ALOGLIPTIN,4.251872051,Cn1c(=O)cc(N2CCC[C@@H](N)C2)n(Cc2ccccc2C#N)c1=O
RABEPRAZOLE,4.188800801,COCCCOc1ccnc(C[S+]([O-])c2nc3ccccc3[nH]2)c1C
NIFEDIPINE,4.125063358,COC(=O)C1=C(C)NC(C)=C(C(=O)OC)C1c1ccccc1[N+](=O)[O-]
OPICAPONE,4.094845811,Cc1c(Cl)c(C)[n+]([O-])c(Cl)c1-c1noc(-c2cc(O)c(O)c([N+](=O)[O-])c2)n1
VONOPRAZAN,3.906453347,CNCc1cc(-c2ccccc2F)n(S(=O)(=O)c2cccnc2)c1